spot_price,strike_price,time_to_maturity,volatility,risk_free_rate,market_call_price,market_put_price,days_to_expiry,bs_call_price,bs_put_price,call_error,put_error
24743.389934975505,24250,0.0410958904109589,0.13701357589338548,0.065,663.1017708127815,75.00180907576069,15,636.7268107320269,78.64591926791672,-26.37496008075459,3.6441101921560346
24432.25049242612,24250,0.2465753424657534,0.2460767358602108,0.065,1577.4871140939406,894.9005969080573,90,1482.044732078557,914.2279219356969,-95.4423820153836,19.32732502763963
24817.367383669338,24500,0.019178082191780823,0.1789926403798731,0.065,462.06299369912017,100.65011629593667,7,456.1183387772435,108.22888719860384,-5.94465492187669,7.5787709026671735
25246.284629639933,24500,0.1232876712328767,0.15068656023504032,0.065,1163.666455358504,194.5233655293529,45,1123.2389897879984,181.40333371847282,-40.42746557050555,-13.120031810880079
24385.264846385566,25000,0.1643835616438356,0.12955457715290164,0.065,349.5632966086712,668.5372958725927,60,358.79585945686813,707.82975315351,9.232562848196949,39.29245728091723
24385.2728910949,25000,0.019178082191780823,0.14206852766138028,0.065,27.496985622832547,655.1249834228475,7,27.120040030649307,610.7021816813613,-0.3769455921832403,-44.422801741486296
25273.81427959862,24000,0.2465753424657534,0.1875706133122823,0.065,1823.0871188225403,293.0144214218744,90,1965.5773824692296,310.1716956457949,142.4902636466893,17.157274223920524
24876.043017284926,24000,0.019178082191780823,0.1638104129360672,0.065,896.939241873156,11.353777807577123,7,917.7815824511526,11.839396602008492,20.84234057799665,0.48561879443136924
24269.957550891875,25000,0.0821917808219178,0.22775483756473924,0.065,369.47808450356536,879.2276936973593,30,385.21780405104255,982.0547490739009,15.739719547477193,102.82705537654158
24765.854421357122,25000,0.1643835616438356,0.17601537807603476,0.065,741.5965275272748,700.4895587344823,60,720.3793057852636,688.8236245103508,-21.217221742011247,-11.665934224131547
24272.92533052189,24750,0.2465753424657534,0.15233285543639188,0.065,633.7242897924843,832.6570295472953,90,692.5513009659317,776.1098317434498,58.82701117344732,-56.547197803845506
24271.792420750575,24500,0.2465753424657534,0.2002288482585239,0.065,1129.5598407468021,847.5792316631599,90,1041.9768749095183,880.6432259502762,-87.58296583728384,33.063994287116316
24618.561513067358,24000,0.0410958904109589,0.21188103819510795,0.065,892.5161213341057,156.13624577884138,15,843.3270237686011,160.74147128984623,-49.18909756550465,4.605225511004846
23562.49268011768,24500,0.1232876712328767,0.1417154480271235,0.065,195.1443336272814,896.2628176743701,45,193.39300036104942,935.3492938137751,-1.7513332662319954,39.08647613940502
23654.790262068615,24500,0.0410958904109589,0.1417904981174813,0.065,49.769921032229064,812.4551743078836,15,44.80900108622882,824.6608654518095,-4.960919946000246,12.205691143925947
24224.479110671924,25000,0.2465753424657534,0.12476728550136058,0.065,435.78083688173984,783.1744195527085,90,433.04294402610503,811.0727841616681,-2.7378928556348114,27.898364608959582
24003.71275103613,24750,0.1643835616438356,0.21573226195853326,0.065,684.2406511218062,1213.8601577818806,60,625.9830503597914,1109.2260520050477,-58.25760076201482,-104.63410577683294
24653.981192971685,24250,0.019178082191780823,0.20629458859083466,0.065,592.4595860129921,119.02995790608244,7,547.789307660616,113.59749645217562,-44.670278352376044,-5.432461453906825
24055.068202994607,24750,0.019178082191780823,0.1817020138474758,0.065,42.23729045907322,736.99096541424,7,43.59931011989556,707.6975895434443,1.362019660822341,-29.29337587079567
23807.97118634571,24750,0.1643835616438356,0.22974215836599562,0.065,597.8361525733138,1360.8306604648712,60,598.0467487232563,1277.0313150589373,0.21059614994248932,-83.79934540593399
25218.16789677156,24500,0.2465753424657534,0.22473711988350692,0.065,1835.9935676479554,610.7658392742524,90,1738.9676870141975,631.2585620339705,-97.02588063375788,20.492722759718163
24389.3696127616,24750,0.019178082191780823,0.19609606737157778,0.065,139.29954515960299,478.5755880147928,7,132.99666177359177,462.7935314301503,-6.302883386011217,-15.782056584642476
24533.088820297082,24000,0.019178082191780823,0.23287526646672363,0.065,577.9538232569639,112.34583020530964,7,671.0079613766393,108.0199725153443,93.05413811967537,-4.325857689965332
23801.873388755404,24500,0.019178082191780823,0.14675935730477987,0.065,19.160550880994485,656.7440122094661,7,19.58335131219792,687.1878946474899,0.42280043120343436,30.44388243802382
24233.25246498266,24000,0.1232876712328767,0.13454955052170461,0.065,667.0786919136618,269.79337535718463,45,696.4428320856932,271.63017794751795,29.364140172031398,1.8368025903333205
24554.352068957833,24250,0.1232876712328767,0.15506744949720863,0.065,833.2920210550735,294.28752046448597,45,813.7593719359156,315.851695185529,-19.532649119157895,21.56417472104306
23936.013147063073,24500,0.0821917808219178,0.12742129129161092,0.065,178.56272327500741,627.9297455950771,30,176.88367413521337,610.3291330685806,-1.6790491397940457,-17.600612526496434
24684.09202898938,24250,0.0410958904109589,0.18905203864013415,0.065,737.5375191191142,166.47214422358735,15,674.7269886278482,175.94400314986615,-62.810530491266036,9.471858926278799
24205.687041939786,24500,0.1643835616438356,0.241758739998345,0.065,913.7015014576405,976.4940830412161,60,929.9577292238846,963.8834525646653,16.256227766244137,-12.610630476550796
24357.070062601295,25000,0.1643835616438356,0.12511466028690624,0.065,349.6535584907393,697.1426764634045,60,330.68216823282273,707.9108457137372,-18.97139025791654,10.768169250332676
24205.163760007596,24750,0.1643835616438356,0.13587428882130348,0.065,430.1860455302212,621.0421577091657,60,405.8619021675695,687.6538948413618,-24.324143362651682,66.61173713219603
25407.61631040938,25000,0.0821917808219178,0.1787858736768466,0.065,777.0329515230372,293.1846570897259,30,828.9831800662614,288.16136557161735,51.95022854322417,-5.023291518108522
24493.386359878412,24250,0.1232876712328767,0.24140375227862765,0.065,982.9147077515177,584.1288827112279,45,1057.512967856388,620.571000185424,74.5982601048704,36.44211747419615
23981.72164481161,24750,0.2465753424657534,0.16110029364697756,0.065,582.393912231903,1010.469631073014,90,598.1791685229164,972.9413850107212,15.785256291013411,-37.52824606229285
24903.047006930563,24500,0.2465753424657534,0.185940525129491,0.065,1225.136630889802,565.6277768422797,90,1353.4404017123761,560.8521665731478,128.30377082257405,-4.775610269131903
23901.7866115142,24750,0.0821917808219178,0.12540447167655097,0.065,106.14783254215845,809.30848575737,30,100.93473540758623,817.2746748489772,-5.213097134572223,7.966189091607134
24602.34316155233,24000,0.2465753424657534,0.13928461612507154,0.065,1246.185411028445,291.40274464974755,90,1269.5987305931994,285.66416181605473,23.413319564754374,-5.738582833692817
23539.76163929891,24750,0.1643835616438356,0.24826191598465008,0.065,557.8844042375487,1615.5060295824553,60,563.2951656003679,1510.4892789828482,5.410761362819244,-105.01675059960712
23849.188836039768,24000,0.0410958904109589,0.24546543053668593,0.065,408.1169050838819,517.5778595421448,15,432.1306885963095,518.9178131451445,24.013783512427608,1.3399536029996852
24596.46200557587,24750,0.019178082191780823,0.12064219752147325,0.065,111.36489740763213,228.52794762741948,7,110.23124415673192,232.93572099901212,-1.1336532509002097,4.40777337159264
24861.84862419775,24000,0.1232876712328767,0.24373553210502108,0.065,1251.5015536381404,404.6001292128983,45,1461.2904504316211,407.88163707835065,209.78889679348072,3.2815078654523404
24583.970457783085,24250,0.1232876712328767,0.20308559191601505,0.065,1031.65134348338,477.57625870680084,45,987.2178059825928,459.69174040695543,-44.433537500787224,-17.88451829984541
24443.33234162976,25000,0.0821917808219178,0.23282937828760286,0.065,474.57308683185926,840.9216601462233,30,466.3014016561883,889.763555941161,-8.271685175670939,48.84189579493773
24352.459189161247,24500,0.1232876712328767,0.1791161812324017,0.065,647.1548471572911,569.7822692333605,45,634.6114515678273,586.601235976992,-12.543395589463785,16.818966743631563
23775.52422471996,24750,0.1643835616438356,0.18702748371530253,0.065,436.1391246941148,1146.921901638927,60,428.56461148145354,1139.996139442881,-7.574513212661259,-6.92576219604598
24147.276337886593,25000,0.2465753424657534,0.18355005543339964,0.065,643.857488306167,1081.6166170514139,90,676.9030586839199,1132.1356716048122,33.045570377752824,50.51905455339829
24274.287002229703,24500,0.1643835616438356,0.20669235348099357,0.065,842.8796500840325,784.7316042911792,60,828.1785509904385,793.5043140413018,-14.701099093594053,8.772709750122544
25017.989890847268,24500,0.0821917808219178,0.13815466311832067,0.065,763.692432474338,141.79502662075845,30,797.1854385129736,148.65415366214438,33.4930060386356,6.859127041385932
24668.372961888545,24000,0.1643835616438356,0.12389656668344813,0.065,1063.8652153072564,169.12640890068616,60,1080.2762781903548,156.83010678073424,16.41106288309834,-12.296302119951918
23636.11032387226,24250,0.2465753424657534,0.1600308924068548,0.065,627.1320418394048,871.7855211062555,90,644.073692887081,872.3970512980795,16.94165104767626,0.6115301918240448
24658.80114500345,24250,0.0410958904109589,0.21160849915576407,0.065,700.1704650704261,210.5191953845587,15,696.6300418510727,223.137940359019,-3.540423219353329,12.618744974460299
24311.309682596006,25000,0.0821917808219178,0.1462409487759833,0.065,174.8888302618824,708.9193293006462,30,191.7938518763276,747.2786651950555,16.905021614445218,38.359335894409355
24168.30821985008,24250,0.0410958904109589,0.20754621633223924,0.065,402.24525667513956,416.14666225390795,15,397.3366122619336,414.3374359232512,-4.908644413205934,-1.8092263306567702
24799.721381532025,24750,0.019178082191780823,0.24608856599394516,0.065,391.70786427409405,299.303720674002,7,378.4177100045781,297.8628108907069,-13.290154269515938,-1.440909783295126
25005.189766023017,24250,0.0410958904109589,0.13220709305262437,0.065,848.971099915761,32.746438261798694,15,853.6469206820402,33.766198170423195,4.67582076627923,1.0197599086245006
24956.32725836694,25000,0.019178082191780823,0.2074382753692664,0.065,292.23033820144144,278.94264591585477,7,279.85237274688734,292.3801471255574,-12.3779654545541,13.437501209702646
24088.783413620906,24250,0.019178082191780823,0.17768752850959424,0.065,167.49864943195138,317.093399334579,7,177.34483011995871,308.35079826229594,9.846180688007337,-8.742601072283037
24348.485935832905,24750,0.0410958904109589,0.2328584930690757,0.065,292.2920294718966,726.9748280043755,15,313.16707847837097,648.6563520024611,20.87504900647434,-78.3184760019144
24662.319081387745,24000,0.0821917808219178,0.14302947262816015,0.065,914.6593576566852,122.92091896070914,30,911.0155967902174,120.81923148062015,-3.643760866467801,-2.101687480088998
24978.017112289956,25000,0.2465753424657534,0.21004137378940138,0.065,1179.9320995640112,840.6631996352927,90,1229.6351720654584,854.1270105829899,49.703072501447195,13.463810947697198
24265.204623455807,24000,0.1643835616438356,0.22895498765425432,0.065,1147.8694008573761,634.9380829635256,60,1172.896497235457,652.618664258569,25.02709637808084,17.68058129504334
24409.02710143473,24000,0.1643835616438356,0.242799848531623,0.065,1355.6499452277474,635.3517041831384,60,1314.0623838248011,649.9620728689952,-41.58756140294622,14.61036868585677
23957.895862737045,24000,0.2465753424657534,0.20882224367765395,0.065,1221.8078859459736,932.782974551105,90,1162.657608655425,823.1703386935624,-59.1502772905485,-109.61263585754261
23913.85875420047,24500,0.019178082191780823,0.18463271932109554,0.065,61.38832231081369,622.6342480522674,7,62.30906726135345,617.9282451515792,0.9207449505397562,-4.7060029006881905
24898.137652973157,24500,0.019178082191780823,0.2003201412261578,0.065,549.5752419365356,120.7070442521721,7,539.3417167275875,110.68199584512695,-10.233525208948095,-10.025048407045148
25164.557613999703,24000,0.0821917808219178,0.23295764798223337,0.065,1486.6553043927815,192.08302973895894,30,1492.8242352173838,200.38933729582732,6.168930824602285,8.306307556868376
24464.715040425635,25000,0.1232876712328767,0.19417926706304786,0.065,482.71690725838033,848.622773423488,45,515.3471561745209,851.0902520452219,32.6302489161406,2.4674786217339033
24991.73111996709,24750,0.0410958904109589,0.12395031776058879,0.065,422.82882787380277,137.30912818470418,15,432.52562458877946,124.76971397868147,9.6967967149767,-12.539414206022713
24677.20165227334,24750,0.019178082191780823,0.24102333041590712,0.065,335.59086163068275,332.15695521435015,7,308.3077468711417,350.2725770159541,-27.283114759541036,18.115621801603936
24183.89132024349,24250,0.1643835616438356,0.20963847763410293,0.065,883.3800348306717,726.9804478406212,60,915.9303731747477,724.3088308110036,32.55033834407607,-2.6716170296175505
24677.083846699123,25000,0.0821917808219178,0.20794674015104203,0.065,533.9399693907659,690.7481382568861,30,499.074000383378,688.7846495989925,-34.86596900738789,-1.963488657893663
25253.637917568325,24500,0.0410958904109589,0.14803776981170322,0.065,842.1275630758967,51.1451681350393,15,870.2919798909206,51.29618875679489,28.16441681502397,0.15102062175559183
24482.445240836125,24000,0.0821917808219178,0.20565511113024543,0.065,896.0149200700398,324.24435323610686,30,925.0850166077907,314.76249184981225,29.070096537750942,-9.48186138629461
25266.675391348865,24250,0.0410958904109589,0.1712023727350406,0.065,1083.9940451681357,41.38567500486477,15,1123.8359229559137,42.46957511845039,39.841877787778,1.0839001135856208
23216.324898996027,24750,0.0410958904109589,0.20466028701539396,0.065,32.41056496301013,1440.7199731099709,15,30.631004943793414,1498.281315304761,-1.7795600192167171,57.561342194790086
24902.73222714386,24500,0.2465753424657534,0.13385709394003878,0.065,1040.1390054184913,330.4985287082972,90,1121.2096399542152,328.93618460169,81.07063453572391,-1.5623441066072132
24542.653063436705,24500,0.019178082191780823,0.20551988959839468,0.065,310.6591452270806,249.40445719477438,7,316.36113397314693,243.1860026271388,5.70198874606632,-6.218454567635575
24353.486398271725,24000,0.0821917808219178,0.24992378435018664,0.065,971.5335710245558,474.2310830530869,30,956.3528121466697,474.98912995309,-15.180758877886092,0.7580469000031371
24544.962780502396,24750,0.0821917808219178,0.12626756505187228,0.065,318.6197872970929,378.30826511446037,30,319.5952467283041,392.75901718149726,0.9754594312112204,14.450752067036888
23526.091231845563,25000,0.2465753424657534,0.24703264394877125,0.065,718.9804645893003,1871.395747775096,90,715.9966533942315,1792.4143723561538,-2.9838111950687107,-78.9813754189422
24392.36077495962,24500,0.1643835616438356,0.17289803489397318,0.065,722.0395483204845,606.0693106278486,60,758.9809236668789,606.2329139878257,36.94137534639435,0.16360335997705988
24674.985160040756,24000,0.1643835616438356,0.23319794854384368,0.065,1527.5503882496785,535.2909502768574,60,1452.1553014208857,522.0969318590533,-75.39508682879273,-13.194018417804159
25224.168081923344,25000,0.019178082191780823,0.22171011292757553,0.065,481.34855793544756,190.87574621484578,7,451.76955833372995,196.45650915599617,-29.578999601717612,5.580762941150397
24246.047593045914,24750,0.019178082191780823,0.19371211392826682,0.065,82.3367589563524,569.4079598248805,7,90.63317699760228,563.7520663698378,8.29641804124988,-5.655893455042701
24103.838134582336,24500,0.1232876712328767,0.21599839720267244,0.065,647.7540600309059,894.0880592335859,45,636.2203141392129,836.831153127283,-11.533745891693002,-57.25690610630295
24254.139048643578,25000,0.2465753424657534,0.23420702296917523,0.065,1024.5108385387487,1350.7327474146566,90,967.0604038375677,1315.4303060014754,-57.45043470118094,-35.302441413181214
24948.547037674016,25000,0.1643835616438356,0.17253824181463429,0.065,836.3362779431086,585.5906817013501,60,805.5098115829169,591.2615139911122,-30.826466360191716,5.670832289762075
24661.088043733245,25000,0.0410958904109589,0.16251431100322103,0.065,195.05387910370555,482.76049657102175,15,207.71531806616986,479.9355666127194,12.661438962464302,-2.8249299583023344
24240.41750015415,24500,0.0821917808219178,0.20678714012326602,0.065,537.7117232383339,662.6279906170577,30,512.5317198773828,641.5728257196715,-25.180003360951105,-21.055164897386135
24751.501042225544,24500,0.019178082191780823,0.2250199724523636,0.065,486.89305363884307,181.4186426138224,7,467.40669692541087,185.38358679056182,-19.4863567134322,3.964944176739408
24547.56799918054,24250,0.0821917808219178,0.21909706752096003,0.065,835.4377187781521,430.0515993560266,30,846.6793702575178,419.9020321142689,11.241651479365714,-10.149567241757723
24974.636045361116,24750,0.0821917808219178,0.2237157743516225,0.065,805.8415894772487,459.8004552467864,30,828.4801149278246,471.9706205222974,22.638525450575912,12.17016527551101
24155.9939840001,24000,0.1232876712328767,0.1766258309256813,0.065,794.8231111700089,452.173156237431,45,783.1548002298969,435.6006270742837,-11.668310940112065,-16.572529163147294
24339.445548167092,25000,0.1643835616438356,0.2263184481027528,0.065,707.1072659235513,1044.5820989761412,60,714.2327616930015,1109.0859536081207,7.125495769450254,64.5038546319795
24307.867004965243,24250,0.019178082191780823,0.1356271771981791,0.065,220.79787830877896,142.5911747712833,7,229.23134433955784,141.15372113755802,8.433466030778874,-1.4374536337252835
23782.87767541526,24000,0.0821917808219178,0.19078358273491045,0.065,481.0220173183407,572.5279341382555,30,476.4594189602267,565.7044596231153,-4.56259835811403,-6.823474515140219
24645.09893576164,24250,0.019178082191780823,0.1207486258647558,0.065,468.6746347608408,31.468642715316978,7,456.76905684956364,31.459502851165325,-11.905577911277135,-0.009139864151652688
24627.917083368146,24500,0.0410958904109589,0.16219615788703512,0.065,433.27077163333297,233.80131158257905,15,427.60382273272626,234.3288657987796,-5.666948900606712,0.5275542162005422
24502.505593754806,25000,0.1232876712328767,0.16763999953328174,0.065,467.3645700765287,792.9230581114564,45,441.9787789692182,739.9313215107486,-25.385791107310524,-52.99173660070778
24385.05230464618,24000,0.0410958904109589,0.17150244990920321,0.065,570.3539299343215,155.32078540810437,15,606.4050523831102,157.3287083255309,36.05112244878865,2.0079229174265265
23806.468336395297,24000,0.019178082191780823,0.2104107368696821,0.065,203.8373244859494,362.2371295090529,7,203.50434567402408,367.136840714511,-0.3329788119253294,4.899711205458061
24293.883791844975,24000,0.019178082191780823,0.17051255316514494,0.065,463.053885692472,102.3080162665475,7,424.958041999078,101.17508158988676,-38.095843693394045,-1.1329346766607387
24332.06988690188,24000,0.1643835616438356,0.17833017094092898,0.065,984.6547873208832,451.91274303405464,60,1025.9691184938129,438.82602207085256,41.314331172929656,-13.086720963202083
24106.88413808141,24000,0.0821917808219178,0.15088073701366256,0.065,549.2168602460636,311.7848108629064,30,541.8751419114797,307.1137199082168,-7.341718334583902,-4.671090954689589
24420.970001283655,24250,0.0821917808219178,0.16852273291181422,0.065,690.3210453302349,338.7530529276844,30,633.0933285786286,332.91398833226594,-57.227716751606295,-5.839064595418449
24697.984919839124,25000,0.0410958904109589,0.1495450515442097,0.065,194.0265531205929,390.0739292046955,15,197.01789076763998,432.34126320831274,2.9913376470470894,42.267334003617236
25424.23109159316,24500,0.1232876712328767,0.12951547008989767,0.065,1205.6148967486213,102.1475277937536,45,1215.6684148589084,95.88629683615727,10.053518110287087,-6.261230957596325
24585.5431282876,24500,0.2465753424657534,0.1984483171395791,0.065,1207.491088436423,655.2855337163332,90,1213.020589393349,737.9362328970819,5.529500956925858,82.65069918074869
24626.199691454156,24500,0.0821917808219178,0.2068676638121521,0.065,699.0649188525425,483.02955314449025,30,716.9294527067505,460.18836724903485,17.864533854207934,-22.841185895455396
24463.52150127458,24500,0.1643835616438356,0.20053374498124987,0.065,931.3878715801674,654.0651744956727,60,906.6447575843595,682.7360215903464,-24.743113995807903,28.670847094673604
23559.80210450347,24250,0.0410958904109589,0.1802542256940744,0.065,117.62795215605398,731.225402041783,15,121.0493190177649,746.5562580256956,3.421366861710922,15.330855983912556
24487.008201029883,24750,0.0410958904109589,0.16937215142329987,0.065,239.1946786613995,399.26398497447605,15,247.392189203214,444.35919753032795,8.197510541814495,45.0952125558519
24529.512802871104,25000,0.2465753424657534,0.23223337444433728,0.065,1135.1679055586278,1239.730554471105,90,1093.4215570491942,1166.417704985577,-41.746348509433574,-73.31284948552798
25706.988635117792,24000,0.1643835616438356,0.18748063206770835,0.065,1945.7843027346491,152.51874678000618,60,2105.6504368438727,143.5885922049997,159.8661341092236,-8.930154575006469
24405.74312725725,24750,0.1232876712328767,0.18229364409186502,0.065,551.5010481812229,744.0120519849906,45,554.356627907362,701.067055583484,2.8555797261391263,-42.944996401506614
24647.75819774347,24500,0.1643835616438356,0.12333346855483664,0.065,719.9389416130615,312.5338519622704,60,718.5754290610384,310.4299965981354,-1.363512552023053,-2.103855364134972
24482.99123284443,24750,0.1232876712328767,0.16436221759140032,0.065,540.23089785668,576.122330896459,45,530.3547732197094,599.8170953086501,-9.876124636970644,23.694764412191148
23927.34776156643,25000,0.1643835616438356,0.1694254304421614,0.065,359.63333998849055,1082.0403103239041,60,339.3619902240707,1146.3129687398487,-20.271349764419824,64.27265841594453
25059.98317911236,24000,0.1643835616438356,0.17184696151659706,0.065,1498.207704531303,219.49490618967957,60,1528.9445932898234,213.88820465638673,30.73688875852031,-5.606701533292835
24868.447186016518,24000,0.019178082191780823,0.19542240799955318,0.065,901.2705329384579,27.49883091066729,7,924.8161315642938,26.469776983561133,23.54559862583585,-1.0290539271061583
24887.605654051094,25000,0.0410958904109589,0.1893683310744942,0.065,383.76529566696024,425.2589737440162,15,359.06408896627,404.7667271949704,-24.70120670069025,-20.49224654904583
24054.400147150576,25000,0.1643835616438356,0.19902766206314781,0.065,443.915952637529,1178.7649694220388,60,491.49555629490715,1171.3941492265385,47.57960365737813,-7.3708201955003005
25187.369212358688,24500,0.2465753424657534,0.21943482400047667,0.065,1781.4396503772473,576.7375925689909,90,1694.2950572387308,617.3846166713765,-87.14459313851648,40.64702410238567
23813.092979231784,24000,0.1643835616438356,0.22568814603309215,0.065,934.89380220669,861.9196426857209,60,902.2499223980085,834.0837336451496,-32.643879808681504,-27.835909040571323
24787.559975962133,24750,0.0821917808219178,0.21335599990944426,0.065,649.3202318217027,543.5414650581981,30,691.2107074038904,521.7772823973482,41.89047558218772,-21.764182660849883
25573.32325664689,24250,0.0410958904109589,0.2442180804741415,0.065,1488.0613137752594,82.63299141890323,15,1468.0446864355436,80.03047330004847,-20.016627339715797,-2.6025181188547606
24014.637200685964,24250,0.0821917808219178,0.122370235747927,0.065,272.57468555213495,395.5132821054979,30,286.4129022988509,392.56636265018096,13.838216746715943,-2.9469194553169586
24222.514112494642,25000,0.0410958904109589,0.14545113813886099,0.065,57.26350986417275,685.3433790452234,15,62.59975921297519,773.3939389981279,5.33624934880244,88.05055995290445
24548.829168892946,24500,0.0821917808219178,0.12098317374715847,0.065,438.7184910468858,270.3834023961251,30,435.65088958212255,256.28032668561536,-3.067601464763243,-14.103075710509756
24253.296929483062,24250,0.1643835616438356,0.20417171284009838,0.065,945.5256722915016,670.5559727658341,60,933.7171008458627,672.6899492425455,-11.808571445638904,2.133976476711382
23740.174918777593,24000,0.1643835616438356,0.23674397136349828,0.065,897.9486197268822,868.2567102177602,60,906.4481172288779,911.199988930206,8.499497501995734,42.94327871244582
24533.595857654953,25000,0.019178082191780823,0.15165269855491892,0.065,57.82304391978931,504.1407794229878,7,58.471672828800365,493.7308479194544,0.6486289090110517,-10.409931503533414
23979.47118027421,24750,0.2465753424657534,0.24051449082351986,0.065,950.953687690013,1399.7521220059346,90,972.1078348094507,1349.120515834653,21.154147119437653,-50.631606171281646
24732.06029101124,25000,0.0821917808219178,0.1278347607376429,0.065,302.10955440220147,440.7892501763236,30,299.1779836285441,433.9121885320401,-2.93157077365737,-6.877061644283515
24049.482125225437,24750,0.1232876712328767,0.24147668348471685,0.065,621.0315438299278,1068.6746581798755,45,594.6111066629728,1097.5825363709064,-26.420437166955026,28.90787819103093
25259.467858458593,25000,0.019178082191780823,0.16571094934115246,0.065,417.1639001787043,111.04838792577037,7,403.84937819251354,113.23655247953138,-13.314521986190755,2.1881645537610126
24116.205886755244,25000,0.0821917808219178,0.13318470769839813,0.065,113.75263124886537,834.5954096297143,30,111.85383145636206,862.4424406158541,-1.8987997925033113,27.847030986139885
24342.18985705922,25000,0.0821917808219178,0.18316332869422233,0.065,281.54695878515884,823.3480588222639,30,294.9788783992353,819.5835172547486,13.431919614076492,-3.7645415675152663
24898.623436511138,24750,0.019178082191780823,0.15338095380366604,0.065,282.61471472643876,130.6055627016079,7,312.02631609295895,132.56936199997472,29.411601366520188,1.9637992983668084
23896.876484947363,24750,0.1643835616438356,0.15703347725504996,0.065,334.6320908553496,991.102871594866,60,363.856637659037,953.9359053930639,29.224546803687417,-37.1669662018021
24611.455367956023,25000,0.0821917808219178,0.15994769544041726,0.065,353.9308946367552,566.0574747267835,30,336.2746176755754,591.6137456342876,-17.6562769611798,25.556270907504086
25140.49994959839,24250,0.1643835616438356,0.22439336671824625,0.065,1614.3392042581945,451.69487308181925,60,1580.4919449038316,432.2617731851851,-33.847259354362905,-19.433099896634133
23712.333215065,24500,0.019178082191780823,0.19009096596778308,0.065,37.63944725661315,801.6637531609309,7,36.01435491276197,793.1590719384621,-1.625092343851179,-8.504681222468776
24590.47059068083,24500,0.1643835616438356,0.16047000089028046,0.065,854.6836011556976,458.1824104468744,60,824.4150112861716,473.5571858859057,-30.268589869525954,15.374775439031282
24627.34256918173,24500,0.0410958904109589,0.19934339183041938,0.065,501.3267507353551,299.39179682686995,15,499.2517987107367,306.55135596320724,-2.074952024618426,7.159559136337293
24883.09320717088,24750,0.1232876712328767,0.21309958764901515,0.065,881.177207164233,585.151986230935,45,914.7384093616911,584.0987571241803,33.5612021974581,-1.0532291067546566
23893.89415166974,24750,0.0821917808219178,0.15544112009535938,0.065,165.2087203882717,938.1988711449709,30,162.38699963495583,886.6193989208041,-2.821720753315873,-51.57947222416681
23852.976259588704,24250,0.2465753424657534,0.1737613831982957,0.065,826.1065657714581,853.2909186597528,90,815.2975334027142,826.7549560972711,-10.809032368743942,-26.5359625624817
24755.75136715228,24500,0.1232876712328767,0.13584519213380317,0.065,750.413963061366,312.3792785797616,45,726.6776490367538,275.3752554548828,-23.73631402461217,-37.00402312487881
24645.52248988426,24500,0.1643835616438356,0.14354941543950844,0.065,721.5422579617501,374.1048184953194,60,793.3408942317892,387.4311696280947,71.79863627003908,13.3263511327753
24622.741496669478,25000,0.0821917808219178,0.20854532101544776,0.065,511.19703355011956,707.4843586435994,30,476.10663984542407,720.1596390906834,-35.09039370469549,12.675280447083992
24669.759622653517,24750,0.1643835616438356,0.1435869852004315,0.065,696.3349442755693,489.56451246180137,60,666.8021714921979,483.9983015200687,-29.532772783371456,-5.566210941732663
24166.78788642654,24500,0.0410958904109589,0.18827123987671782,0.065,277.841079712915,490.3381171423359,15,251.38071542627586,519.2349554339344,-26.460364286639162,28.8968382915985
24613.804311608892,24250,0.019178082191780823,0.21217601402391625,0.065,557.4142643406183,142.79402694043293,7,525.3223099153656,131.30738006971842,-32.09195442525265,-11.486646870714509
24643.605511916354,24250,0.0821917808219178,0.1338940000023167,0.065,656.471299177294,175.33715421801,30,691.5472272669322,168.7323763878685,35.07592808963818,-6.604777830141501
24149.967805167078,24500,0.0410958904109589,0.19375058855175747,0.065,242.78366747072545,540.5868641336571,15,255.09852297683028,539.7728442439493,12.314855506104834,-0.8140198897077653
25414.22951046093,24750,0.0410958904109589,0.15335316188117729,0.065,792.8703673121079,64.15983347942202,15,803.1746128868836,72.92031178295201,10.304245574775678,8.760478303529993
24732.178131246776,24250,0.0821917808219178,0.24518049378088538,0.065,1055.3919994211346,425.10790357246634,30,1033.4703235390934,422.08285332960986,-21.9216758820412,-3.02505024285648
23916.261286370704,25000,0.1643835616438356,0.18286093407359022,0.065,411.34771008313356,1237.7601789505031,60,383.0217399847006,1201.0591936962064,-28.325970098432947,-36.70098525429671
24821.711268230578,24250,0.2465753424657534,0.22477903147077055,0.065,1815.0721428692532,674.8481787141978,90,1628.5331250669697,671.2555391196529,-186.53901780228352,-3.5926395945449485
24022.405981588614,24000,0.0410958904109589,0.19152945048031403,0.065,414.026504555638,326.75271000915336,15,416.2227047394226,329.7926837394134,2.19620018378464,3.0399737302600442
24885.671455833803,24000,0.1232876712328767,0.1256436292711265,0.065,1140.531367389137,79.11441541594276,45,1166.1629712585636,88.93132626924489,25.631603869426726,9.816910853302133
25067.711833713627,24750,0.0410958904109589,0.2023096788272229,0.065,620.3926248654186,218.3798117799564,15,627.2990185358667,243.56239417923643,6.906393670448097,25.182582399280022
24097.865664007662,24500,0.2465753424657534,0.2436824344868654,0.065,1182.7389641239088,1096.6976619751385,90,1156.5979227556982,1169.1910305393703,-26.141041368210608,72.49336856423179
24972.054303329718,24750,0.1643835616438356,0.19820953661902305,0.065,1011.3097451800627,554.3533850374449,60,1058.6489602579277,573.5504096095974,47.33921507786499,19.197024572152486
24702.262654198883,24750,0.1643835616438356,0.22649455172548272,0.065,1002.0746721060449,797.415832899432,60,1012.4489856640976,797.1420841466042,10.374313558052677,-0.27374875282771427
24902.8094783973,24750,0.1232876712328767,0.234946840235293,0.065,1054.9818080848383,631.5827184691565,45,1000.7188500225475,650.3629265586187,-54.26295806229086,18.780208089462235
25429.428561500434,24750,0.0410958904109589,0.1496503703533612,0.065,830.6046635494354,74.64615259321255,15,811.1315788712855,65.67822672784723,-19.473084678149917,-8.967925865365316
24379.759823158594,25000,0.1643835616438356,0.14756582918806946,0.065,433.7912190669382,773.2553447863481,60,425.75821105941395,780.297127983029,-8.033008007524245,7.0417831966808535
24130.66927946483,25000,0.2465753424657534,0.19942752855062892,0.065,715.6425698574227,1204.6719601966101,90,744.6524283401031,1216.4920996827586,29.009858482680443,11.820139486148491
24064.137929483495,24250,0.0821917808219178,0.1734337010748716,0.065,430.11807123200526,513.5201689941822,30,450.06071950630394,506.71345106009903,19.942648274298676,-6.806717934083167
24100.252960366935,24000,0.019178082191780823,0.22918196937267366,0.065,375.74374547076206,217.3144124786033,7,373.8084617115601,243.6563327804106,-1.9352837592019796,26.341920301807306
24462.22016238709,24750,0.019178082191780823,0.23700300604174146,0.065,209.48244792097145,491.7310759612287,7,209.6770072764739,466.6233273075377,0.19455935550243453,-25.107748653691033
24667.164467660157,24250,0.019178082191780823,0.16594477930935336,0.065,505.0346907974567,65.72509334633554,7,515.3181702679249,67.94308437101154,10.283479470468194,2.217991024675996
24635.57849167171,24000,0.0410958904109589,0.15079317266668266,0.065,715.5874053777329,62.52181989431728,15,768.527448366538,68.92491728342884,52.94004298880509,6.403097389111558
24905.31979202765,24500,0.1232876712328767,0.22146831698170205,0.065,1146.6233366147999,495.45553609319376,45,1100.8632440604724,499.99242560323,-45.76009255432746,4.5368895100362465
24506.370927020176,25000,0.1643835616438356,0.1557247846212577,0.065,532.5178485323377,797.3629263849717,60,512.7260694803335,740.6538825423668,-19.79177905200413,-56.709043842604956
25212.231697807085,24000,0.0821917808219178,0.2269398614067782,0.065,1588.894010656994,173.9702198877872,30,1518.9285405793453,178.81955885040497,-69.96547007764866,4.8493389626177645
24370.3181517134,24500,0.2465753424657534,0.17508597297433917,0.065,983.8849417310446,694.912080916021,90,976.8095359168692,716.9501559948021,-7.075405814175383,22.038075078781162
25832.882891628913,24000,0.0821917808219178,0.20678148690789117,0.065,1951.7377432603712,63.70854876525859,30,2023.3951139864294,62.63493843566357,71.65737072605816,-1.0736103295950201
24806.577000404854,25000,0.2465753424657534,0.13241959079850685,0.065,723.6571466848247,490.14810412379927,90,755.0795512744935,551.0115016771251,31.42240458966876,60.86339755332585
24079.992797356022,25000,0.0410958904109589,0.20110171220795447,0.065,104.17391213791227,947.5644243412754,15,109.01498355004878,962.3304784738211,4.841071412136515,14.766054132545719
23975.262675950056,24250,0.019178082191780823,0.1787297982358398,0.065,145.69831455918103,370.59928537454704,7,135.39855653326504,379.92526234645084,-10.299758025915992,9.325976971903799
24736.41148346916,24750,0.0410958904109589,0.19625910021281162,0.065,429.68049120649385,363.4360924447903,15,418.95678757353744,366.52051346136795,-10.723703632956415,3.0844210165776644
24390.503235190332,24000,0.1232876712328767,0.14184184700683225,0.065,875.615428405574,257.0177579528206,45,825.0247015175137,242.96127717166837,-50.59072688806032,-14.056480781152231
24849.860242105126,24000,0.1232876712328767,0.2157935868427437,0.065,1450.797225539695,300.2897192618537,45,1370.2164988054938,328.7960675448521,-80.58072673420133,28.50634828299843
24731.886436041037,24500,0.2465753424657534,0.2321636200806197,0.065,1475.5639723748593,870.8796278670973,90,1460.4682767230042,839.0406124732999,-15.095695651855067,-31.839015393797354
24464.313832798132,25000,0.1643835616438356,0.14817617401180083,0.065,473.1601834495792,757.6598613179614,60,464.3027139453279,734.2876212294068,-8.857469504251299,-23.372240088554577
24085.07107814648,24000,0.1643835616438356,0.132442892217621,0.065,702.2305539863196,346.6357003332055,60,700.1877211504452,360.04343348288785,-2.0428328358743784,13.407733149682372
23757.724859903927,25000,0.2465753424657534,0.12307301618602373,0.065,238.67190429663953,1069.8996986225973,90,260.80224466785785,1105.5863355714173,22.130340371218324,35.68663694882002
24281.20767348716,24000,0.1232876712328767,0.20345629505762458,0.065,1074.13320399884,462.99597086179256,45,947.2863567412551,474.51849409858005,-126.84684725758484,11.522523236787492
24919.635409218503,24250,0.1232876712328767,0.1989222246915415,0.065,1081.4067095615042,347.96357106252276,45,1198.8582682226843,335.66725121162835,117.45155866118012,-12.296319850894406
24604.9059346238,24750,0.1232876712328767,0.1910706636528291,0.065,713.5473848894893,672.4946243482393,45,684.2787304546837,631.8263507642569,-29.268654434805626,-40.668273583982455
23889.587998431125,24000,0.0410958904109589,0.15015312249507679,0.065,274.0746095784241,327.43947859194895,15,267.7689388700164,314.1569010274943,-6.305670708407661,-13.282577564454641
24584.85865366708,25000,0.1232876712328767,0.1708177794677169,0.065,534.2114187545646,678.5287583029236,45,489.1997322703628,704.7992148996163,-45.011686484201846,26.270456596692725
24688.80551606713,24250,0.0821917808219178,0.1972819235742025,0.065,839.0038517746698,295.439472457799,30,880.5596963007265,312.5448412708902,41.55584452605672,17.10536881309116
24066.909856261445,24000,0.019178082191780823,0.18457969165169202,0.065,292.42830750620516,213.86005655807799,7,296.366568524576,199.55754369891474,3.938261018370838,-14.302512859163244
24575.325301913308,24500,0.1232876712328767,0.24841211762793536,0.065,1018.6594108229812,739.2103619931952,45,992.4552009223644,721.5788725794664,-26.204209900616775,-17.631489413728787
24528.52227203854,24750,0.2465753424657534,0.1377371678323753,0.065,687.5463361532475,564.0576251429449,90,756.347814984747,584.309404245616,68.80147883149948,20.251779102671094
23939.944554062993,24000,0.019178082191780823,0.2103687920261872,0.065,239.39290500448715,310.94401703328134,7,263.5855459733957,293.74182334618854,24.192640968908563,-17.2021936870928
24675.31580657066,24250,0.0410958904109589,0.17256143985355799,0.065,691.2562589510666,156.33604181999226,15,640.4776981582581,150.47093509899605,-50.778560792808435,-5.865106720996209
24774.784417920433,24500,0.2465753424657534,0.1756659499403299,0.065,1163.0421650871804,600.5067619618685,90,1223.4040682286304,559.078422099532,60.36190314145006,-41.42833986233654
25030.695109155884,24250,0.019178082191780823,0.21328770953556292,0.065,848.4660786234622,45.500508405849054,7,859.347780869688,48.44205347704474,10.881702246225814,2.9415450711956836
25016.363005497104,24250,0.2465753424657534,0.21001669967216807,0.065,1612.6202784295285,530.7257996428419,90,1694.320787223287,542.3914640094436,81.70050879375844,11.665664366601618
23824.942009701026,24500,0.0410958904109589,0.24886327918128448,0.065,240.99738543421287,843.2436164220815,15,240.40144802843133,850.1015647616023,-0.595937405781541,6.857948339520817
24040.46573044159,24250,0.0821917808219178,0.13669125762903628,0.065,313.7990452709002,443.32991929030163,30,337.64829974590975,417.97323034161127,23.84925447500956,-25.356688948690362
24752.36728093224,24500,0.0410958904109589,0.13353425441994163,0.065,450.71374866365335,131.5402544635526,15,454.13350839258055,136.4083538945406,3.419759728927204,4.868099430987996
24751.755115946984,24000,0.0410958904109589,0.21416404622673635,0.065,1001.8909459585896,125.52272290487677,15,949.1962064578292,133.4170510994445,-52.694739500760306,7.894328194567734
24752.373366289965,24500,0.2465753424657534,0.1951902992108332,0.065,1193.8858770472323,699.68210227911,90,1299.7427906938829,657.8281961952525,105.85691364665058,-41.85390608385751
26387.838430420812,24500,0.1643835616438356,0.15564088665277476,0.065,2423.4750900506824,64.3425024098449,60,2214.089948710549,65.86428357030309,-209.3851413401335,1.5217811604581897
24779.73635023965,24750,0.1232876712328767,0.13032451796856825,0.065,571.6753770086036,325.88895468716476,45,572.9924002674416,345.70960496116095,1.317023258837935,19.820650273996193
25056.427163688495,24500,0.1232876712328767,0.13113557244753596,0.065,925.3298359594997,168.9804227360458,45,925.0757846981796,173.09759458009376,-0.25405126132011446,4.117171844047959
24967.46086411167,24500,0.0821917808219178,0.23624481370633538,0.065,1002.4932685548214,418.0187962748717,30,1007.6386969668274,409.63643885159763,5.1454284120060265,-8.382357423274073
24819.181713139842,24000,0.0821917808219178,0.14494275221343658,0.065,984.8356472006948,93.27440283693913,30,1042.051874916342,94.9928778546464,57.21622771564728,1.718475017707263
24345.51807012623,24750,0.1232876712328767,0.1620383030750177,0.065,416.2633720876144,652.6690298397109,45,457.52733766983874,664.4628224769785,41.26396558222433,11.793792637267643
24871.8949180417,25000,0.1643835616438356,0.14946533228950842,0.065,667.7151626438933,539.3582713127036,60,670.8491710952294,533.2529931357385,3.134008451336058,-6.105278176965044
24121.31564487659,24000,0.1232876712328767,0.16614951975815184,0.065,736.7383704550772,433.9045430104492,45,728.0175738714897,415.1417398393842,-8.720796583587457,-18.762803171065002
24383.958882697396,24000,0.1643835616438356,0.12902509955699212,0.065,816.8753512770721,227.69469614511317,60,885.0060613801179,245.97396916164598,68.13071010304577,18.279273016532812
24262.17186156374,25000,0.0821917808219178,0.18747777281807515,0.065,285.9836424424998,793.1931465826788,30,278.61486523436724,883.2374995853606,-7.368777208132542,90.04435300268187
24540.118328299297,24500,0.019178082191780823,0.12878963326698795,0.065,213.89196508368786,132.9697462552392,7,211.94944616183784,141.30904995323726,-1.9425189218500236,8.339303697998076
25634.182697670018,24250,0.2465753424657534,0.22404634601690698,0.065,2375.052388515279,437.5564149446486,90,2201.8938446821994,432.144829295441,-173.15854383307942,-5.411585649207609
23585.040055630045,24750,0.0821917808219178,0.15038257064835628,0.065,86.51454571947274,1189.3462712968592,30,87.47305808153669,1120.559553407078,0.9585123620639564,-68.78671788978113
24836.26749328351,24250,0.0821917808219178,0.19020154889858637,0.065,913.5700074051522,238.50431258860291,30,964.8723680168514,249.3955357706309,51.302360611699214,10.891223182027971
23709.76922311707,25000,0.0410958904109589,0.23441028138298958,0.065,80.51010634466378,1252.8319095539377,15,85.92994347209287,1309.4690126348178,5.419837127429091,56.637103080880024
24268.75338576318,24000,0.0410958904109589,0.20461405797613524,0.065,588.888122562114,260.59767640889265,15,587.0940919029817,254.31666672840765,-1.7940306591322042,-6.281009680484999
25033.585792514008,24000,0.0410958904109589,0.1892845122516736,0.065,1209.2660441156663,51.065001348378495,15,1153.8015524584516,56.19172053304737,-55.464491657214694,5.126719184668879
24531.497209356778,24750,0.2465753424657534,0.16216338790499882,0.065,868.122823377563,661.8131542638944,90,875.6473921729448,700.6340441155771,7.524568795381811,38.82088985168275
23971.90505881464,24000,0.0410958904109589,0.16329024869756573,0.065,331.1746421793974,333.5385008819562,15,334.6091895447389,298.68009131869985,3.4345473653415297,-34.85840956325637
24149.501182462616,24000,0.1643835616438356,0.2070333041757647,0.065,1035.0392261800166,643.2621926983844,60,1020.152057331974,615.5776653482844,-14.88716884804262,-27.684527350099984
24833.002896977992,24750,0.1232876712328767,0.24923811695875178,0.065,1108.2896967368583,769.8705753910133,45,1009.3395358112484,728.7901937666265,-98.95016092560991,-41.080381624386746
24142.120350458605,24750,0.019178082191780823,0.2060390946804192,0.065,77.96540786054115,614.8994577208604,7,79.75150045200189,656.7976324115516,1.7860925914607435,41.898174690691235
24606.064708895166,25000,0.0821917808219178,0.19251184425810325,0.065,423.4768722948043,665.4063440917066,30,424.11610580488014,684.845892824449,0.639233510075826,19.439548732742423
24522.330201552868,24000,0.1643835616438356,0.214984566331102,0.065,1186.3635192620293,512.9596857899251,60,1284.2574069843267,506.85399591038185,97.89388772229745,-6.105689879543206
24180.71582967315,24000,0.019178082191780823,0.18047672959688335,0.065,364.6947154293005,162.5009712850353,7,359.90995909635967,149.29496085899518,-4.7847563329408445,-13.206010426040109
25550.53260376941,25000,0.1643835616438356,0.12781850453810206,0.065,1008.0523822780518,213.33492826909347,60,1026.62207998765,210.38821630044913,18.569697709598245,-2.946711968644337
24810.620320935825,24500,0.1643835616438356,0.19309858606412827,0.065,1048.8099854987381,536.3381802873613,60,1084.9095599179054,513.9020042626489,36.09957441916731,-22.43617602471238
23507.68013253777,24500,0.0821917808219178,0.24449128698569944,0.065,322.7003139222885,1116.9379839610283,30,324.723631086129,1186.5021045447957,2.0233171638404883,69.56412058376736
24591.36261423702,24500,0.1232876712328767,0.14278938250649575,0.065,645.3004797853683,365.8282072212456,45,645.735441420853,358.82180075424367,0.43496163548468303,-7.006406467001909
24175.72463226349,25000,0.0410958904109589,0.20970063580668655,0.065,144.5121045290706,947.3542131993484,15,142.6908457516738,900.2745057679786,-1.8212587773967925,-47.0797074313698
24917.69233405015,24000,0.2465753424657534,0.14612137952567733,0.065,1423.753804700238,225.67246391302302,90,1534.8837116500545,235.59997037509038,111.12990694981636,9.927506462067356
24111.664838167977,25000,0.1232876712328767,0.18965759898150056,0.065,374.0267406192887,1013.1049627976122,45,362.43274662341264,1051.226044751771,-11.593993995876076,38.12108195415885
24443.77914368122,25000,0.2465753424657534,0.13256793845407355,0.065,574.473282402995,638.4954587655191,90,567.6481296570655,726.3779367833304,-6.825152745929472,87.88247801781131
24747.443766700424,24500,0.0821917808219178,0.17854822171356408,0.065,809.7590442432349,330.440873820954,30,712.9432547884244,334.9580940844389,-96.81578945481056,4.517220263484944
24924.22004514336,24250,0.0821917808219178,0.21830123275638197,0.065,1161.3060801348186,287.52843712583706,30,1095.8841906522466,292.4548065461795,-65.42188948257194,4.926369420342439
23911.85476054267,24000,0.0821917808219178,0.16518429815106767,0.065,481.2613900454251,463.9601842962951,30,471.48517953191003,431.7531350673853,-9.776210513515082,-32.207049228909796
24336.094394437936,24500,0.019178082191780823,0.20643852418333836,0.065,229.3195095663407,346.4934996572185,7,216.68866223022997,350.0721998829904,-12.630847336110747,3.578700225771911
24267.276797531133,24250,0.2465753424657534,0.2234084949026648,0.065,1269.4049982559068,919.1212810505582,90,1278.048074764556,875.2049595166827,8.643076508649301,-43.916321533875475
24179.86867603888,24250,0.1232876712328767,0.24053311653232884,0.065,977.7307307678101,759.3903183829816,45,875.5832453794337,752.1589615479988,-102.14748538837637,-7.231356834982762
25365.072577737737,24750,0.1232876712328767,0.15050347064120895,0.065,1129.9446980975242,213.99746727192542,45,1029.2311545804223,216.6121317760544,-100.71354351710193,2.6146645041289958
24698.441038370867,24000,0.1643835616438356,0.17191106905521006,0.065,1314.4609843451592,317.8084074302402,60,1254.7379448411339,301.2236969491887,-59.72303950402534,-16.584710481051502
23882.166862375827,24250,0.1643835616438356,0.13981408173295426,0.065,477.9858366528357,575.7505010650405,60,487.9886400911455,598.0915555950651,10.002803438309797,22.34105453002462
24949.75235405684,24500,0.1643835616438356,0.2490228552805888,0.065,1464.830438386839,657.3956884118548,60,1385.4844905670616,675.344901790786,-79.3459478197774,17.949213378931177
25539.85653653619,24750,0.0821917808219178,0.2405101258301584,0.065,1190.5634718850754,313.46520753732045,30,1246.2946473357006,324.56466175510104,55.73117545062519,11.09945421778059
25005.907977670064,24000,0.1232876712328767,0.19019442693647276,0.065,1378.85243748593,228.7209523973124,45,1416.7951566724441,219.32698984686795,37.94271918651407,-9.393962550444456
23755.508716682532,25000,0.2465753424657534,0.22946432826893476,0.065,745.1740912405928,1629.769480404159,90,726.4660406593157,1573.4662747842667,-18.70805058127712,-56.303205619892196
24262.725304295538,24500,0.0821917808219178,0.18772453704536549,0.065,480.29818867731996,559.9850201418647,30,470.38759684230536,577.1208985432058,-9.9105918350146,17.135878401341188
25120.786463101445,24250,0.019178082191780823,0.20106613944035875,0.065,963.9577471420736,32.29628469198618,7,931.4905123224999,30.49343098430063,-32.46723481957372,-1.80285370768555
24153.241961846797,24250,0.1643835616438356,0.13158617617508217,0.065,614.245013203704,445.62985833817515,60,596.8033396333813,435.8311556663284,-17.44167357032279,-9.79870267184674
24717.471519791652,24500,0.0821917808219178,0.21818515466458505,0.065,771.278505699793,458.83449159968853,30,802.0388826696253,454.0259688744118,30.76037696983235,-4.8085227252767595
24879.570686180374,24250,0.0821917808219178,0.13660275287258053,0.065,840.0327766872314,117.03680688777428,30,875.9576083478278,117.17758320474786,35.924831660596396,0.14077631697358584
24045.80406892674,24750,0.019178082191780823,0.22738879193282868,0.065,73.80093115590894,692.2291562548409,7,80.39433874740644,753.7567522388163,6.5934075914974954,61.5275959839754
24470.83257552972,24000,0.0410958904109589,0.22166365139715016,0.065,745.5151929276019,211.8748649366195,15,752.7053235917538,217.84870865063385,7.190130664151866,5.97384371401435
22911.779003366155,24750,0.1232876712328767,0.21213681070658694,0.065,169.17479267291648,1796.7613696922767,45,168.2763049561927,1808.9508565234137,-0.8984877167237926,12.189486831136946
23998.050055746196,24250,0.2465753424657534,0.12470084946821908,0.065,661.2906504513768,542.7045307879597,90,660.2939108035152,526.6775373405799,-0.9967396478615456,-16.026993447379823
24376.24160581735,25000,0.0410958904109589,0.15940668627289273,0.065,111.32842874094132,663.6722905538356,15,113.96832815917696,671.0350146216224,2.6398994182356432,7.362724067786758
23888.586240837223,24000,0.1643835616438356,0.15420463408840956,0.065,717.1760130936032,524.9605746405265,60,668.5390852307337,524.8796348724354,-48.63692786286947,-0.08093976809107062
25299.8815389265,24000,0.0821917808219178,0.16681773297129748,0.065,1478.3686618573545,64.24051336364226,30,1491.735392240298,63.97656939194394,13.366730382943615,-0.26394397169832473
23799.23072479929,24500,0.019178082191780823,0.131393557079299,0.065,12.017549539152697,658.1532293171969,7,12.115298415787038,682.3625057071949,0.09774887663434129,24.20927638999808
24284.378201518477,24500,0.019178082191780823,0.24180451699403815,0.065,229.37670023035986,410.24277086815715,7,241.42412419862012,426.52385477083953,12.047423968260262,16.281083902682383
24564.062882870185,25000,0.1232876712328767,0.19199429129260892,0.065,576.2699035316306,763.7291039288564,45,552.169917753401,788.5651711795526,-24.099985778229552,24.83606725069626
25206.223911642395,24000,0.0410958904109589,0.15971816038554307,0.065,1278.877540028684,19.265560034671108,15,1288.8613566537715,18.61340559998098,9.983816625087456,-0.6521544346901287
23796.427545922073,25000,0.1232876712328767,0.17160759721965685,0.065,211.16647661626874,1256.755240964883,45,214.1473126712981,1218.1779030455618,2.980836055029357,-38.57733791932105
25069.95023855593,24500,0.0821917808219178,0.17813633026562864,0.065,857.8097771015812,227.40288408664884,30,929.4113003590755,228.91966779958057,71.60152325749436,1.5167837129317263
24505.014199899597,24500,0.1232876712328767,0.19807726333688025,0.065,785.090229450354,582.1128336822189,45,782.0053708862542,581.4401445570657,-3.0848585640997044,-0.6726891251532834
24019.060760986504,24000,0.2465753424657534,0.1870383256005447,0.065,1006.3079505279006,738.2030312581585,90,1096.967887104056,696.315718892738,90.65993657615536,-41.887312365420485
24726.430702389003,24750,0.019178082191780823,0.23952095651787425,0.065,316.64947185666193,328.9404825376568,7,330.7851267795322,323.5209068086824,14.135654922870287,-5.419575728974394
24597.539250831,24250,0.019178082191780823,0.1846052527777579,0.065,482.2710203834677,109.56499023544869,7,482.07904969296214,104.32918062520457,-0.19197069050557047,-5.235809610244118
24205.89373019219,24500,0.1643835616438356,0.24898054192703065,0.065,1063.1369259622022,928.0354595385338,60,958.3210917990018,992.0401268873757,-104.8158341632004,64.00466734884185
24534.20302164511,24500,0.1643835616438356,0.23068524450686245,0.065,1029.942875984656,777.1694595626063,60,1064.4806908154915,769.8904344509483,34.53781483083549,-7.279025111658029
24311.196337537738,24750,0.0821917808219178,0.14710636686645365,0.065,260.93381857275403,605.9345517780872,30,276.1986746385228,583.1288880563734,15.264856065768754,-22.805663721713813
24555.62349917311,24750,0.2465753424657534,0.2409773779037091,0.065,1322.5596699197213,1099.8340092763817,90,1269.0457479168272,1069.9061100431281,-53.513922002894105,-29.927899233253584
24824.44403051531,25000,0.0410958904109589,0.13512763172511189,0.065,223.51790756900934,352.35344634515246,15,220.90480528840453,329.76906705289,-2.6131022806048065,-22.58437929226244
25277.14823991122,25000,0.1232876712328767,0.2262684621038549,0.065,993.4815911505141,579.6017665671188,45,1054.40654470552,577.7164410906335,60.924953555005914,-1.8853254764853773
23893.470405574844,24250,0.0821917808219178,0.1694810281519554,0.065,347.1411926188328,613.930370251714,30,360.45650771650435,587.776763178952,13.315315097671544,-26.15360707276193
25545.186353581572,24250,0.1643835616438356,0.23413666165785904,0.065,1736.196108275673,357.9894146345772,60,1911.4093835279564,358.49280782612914,175.21327525228344,0.5033931915519361
23543.476978233975,24000,0.1232876712328767,0.23284736971396855,0.065,657.5954902986568,868.5252078972592,45,646.7546316206117,911.7174642311202,-10.840858678045151,43.192256333860996
24425.625303432564,25000,0.1643835616438356,0.22477030201529075,0.065,724.0477167943309,1056.9355456810808,60,747.4500038954975,1056.1234405451414,23.40228710116662,-0.8121051359394187
24788.275431177444,24500,0.1232876712328767,0.222703956719918,0.065,1080.9114818645198,519.5277144792964,45,1031.6454406050598,547.818982998022,-49.26604125946005,28.291268518725587
24637.686015190167,25000,0.0410958904109589,0.1596082880827453,0.065,185.29211365736194,516.7575146682083,15,193.60199469759027,489.22427178721773,8.309881040228333,-27.533242880990542
24194.87723528791,24500,0.0821917808219178,0.13051950679666277,0.065,277.9934424045662,438.6773053157525,30,281.84021467022103,456.4215853787482,3.8467722656548062,17.7442800629957
24398.020097324934,24750,0.1232876712328767,0.17238742323947098,0.065,535.7537750622625,654.9659972730838,45,516.9201811918083,671.3536388002449,-18.83359387045425,16.387641527161122
24258.429542017173,25000,0.2465753424657534,0.14255818694824612,0.065,558.6505936746496,846.3815962553916,90,531.3543486402068,875.4337574305191,-27.29624503444279,29.05216117512748
24211.211269097337,24750,0.019178082191780823,0.21034364155732002,0.065,98.83061489640848,636.2881460725653,7,99.62560009610297,607.5808134169238,0.7949851996944943,-28.707332655641494
24916.305027540304,24250,0.2465753424657534,0.16499296444991213,0.065,1414.6138438857745,393.253741919274,90,1430.8005528641206,378.929207607076,16.186708978346132,-14.324534312197954
24674.937588122873,24250,0.2465753424657534,0.24682932611178893,0.065,1629.565782703571,906.1074771027733,90,1634.9240506429887,824.4201448033746,5.3582679394178285,-81.68733229939869
24160.47429832228,24000,0.019178082191780823,0.20332637005489318,0.065,405.60918587554755,173.40058628594548,7,376.10770022776524,185.73423334127256,-29.501485647782317,12.333647055327077
24940.803938962294,25000,0.2465753424657534,0.22692247327246692,0.065,1323.9760366795092,913.1285403267088,90,1290.2839058375266,951.9889176827182,-33.69213084198259,38.860377356009394
24650.57676522954,24750,0.1232876712328767,0.1372282074564403,0.065,528.5540569859082,426.87206425898904,45,523.5409705557231,425.4177602595537,-5.013086430185126,-1.4543039994353535
24898.30243823109,24500,0.1232876712328767,0.23206188269544092,0.065,1071.5330127573145,565.8137558138343,45,1131.2271343036555,537.3736696429714,59.694121546340966,-28.440086170862855
24808.51813254257,24250,0.1232876712328767,0.23995843476674128,0.065,1263.9197364456786,492.0226983486951,45,1251.2010931836248,499.1273528485017,-12.718643262053774,7.1046544998066
24093.792444648185,24250,0.019178082191780823,0.18331804944646168,0.065,182.7049028244182,314.97978300155535,7,186.79677800343597,312.79371511849604,4.091875179017762,-2.1860678830593088
24225.511290303486,24500,0.2465753424657534,0.19881288190762708,0.065,1030.700096268689,889.4524179234078,90,1010.0978863692726,895.0453678571212,-20.602209899416493,5.592949933713385
24866.1738665104,24750,0.019178082191780823,0.2194252741173894,0.065,325.9670490480778,232.93860918126026,7,379.74943427713697,232.74205018489192,53.78238522905917,-0.1965589963683385
24799.081430062397,24750,0.1232876712328767,0.14272902154385364,0.065,581.239335040926,375.78057310444143,45,626.3855087679949,379.7576336389666,45.14617372706891,3.977060534525151
24489.758218957566,25000,0.2465753424657534,0.1853335899402475,0.065,786.2427138956177,890.5033275022018,90,845.629782237862,958.3805140877812,59.38706834224422,67.87718658557935
24557.490417821304,25000,0.2465753424657534,0.1718261936104007,0.065,864.379154619869,845.3719483292679,90,814.1033160699371,859.1218490561168,-50.275838549931905,13.749900726848978
25126.05579893633,24000,0.1643835616438356,0.13902861898109237,0.065,1465.5068978572695,116.78271938662122,60,1495.1605790863177,114.03157062891387,29.65368122904829,-2.7511487577073552
24210.13001947044,24250,0.1643835616438356,0.16777947489789907,0.065,754.3834181634035,608.7006314292008,60,768.6256879506309,550.7654463599356,14.242269787227428,-57.93518506926523
24768.077716773318,25000,0.0410958904109589,0.12886240022011416,0.065,182.18362910913103,356.32413004706797,15,184.70503533675765,349.9356108432348,2.5214062276266134,-6.388519203833141
24400.925600307393,24750,0.0821917808219178,0.12335554790343331,0.065,260.0128154894152,502.44177130796373,30,247.97438644338035,465.1753370915758,-12.038429046034821,-37.26643421638795
24393.336210418664,24500,0.1643835616438356,0.13757161759012695,0.065,598.2986062504117,457.85490990264566,60,621.3509158482047,467.6274707101056,23.052309597793055,9.772560807459968
25038.40065747372,24750,0.019178082191780823,0.2452049645065926,0.065,553.5751941546996,209.32375589053254,7,520.4096956591438,201.17552060357593,-33.16549849555577,-8.148235286956606
24904.454011004134,24250,0.1643835616438356,0.19143883966635222,0.065,1368.5211384820036,360.0685295083427,60,1298.7043549808423,386.5201218564507,-69.81678350116135,26.451592348108022
24898.619721640312,24750,0.0410958904109589,0.2455568809499186,0.065,654.0164210705188,377.44928354143565,15,607.0321408384261,392.3876285551105,-46.984280232092715,14.938345013674848
25139.684615505623,24000,0.2465753424657534,0.17622472418291715,0.065,1836.4447234238426,295.4739265461768,90,1818.956099153067,297.6800764226318,-17.488624270775517,2.206149876455015
24510.29188240005,24250,0.0410958904109589,0.16053609730108376,0.065,482.63406023120524,167.1240250046915,15,504.8072871055356,179.82444821688114,22.17322687433034,12.700423212189634
24834.156955934533,24500,0.2465753424657534,0.18579844216923175,0.065,1194.0497544255209,587.8863115605665,90,1308.1067270407639,584.4085428975668,114.05697261524301,-3.477768662999665
24347.969289269207,24000,0.2465753424657534,0.17713651952227832,0.065,1160.1039430901394,496.48678418785164,90,1255.885228823472,526.3245323294486,95.78128573333265,29.83774814159699
24658.841512719337,24250,0.0821917808219178,0.1337364089540267,0.065,694.505281675104,142.45659239046623,30,702.1600862269152,164.1092345448742,7.654804551811139,21.65264215440797
24436.229903359836,24500,0.1643835616438356,0.2033074209097268,0.065,937.4043575064699,620.6187438729995,60,902.2621615662174,705.6450234869499,-35.14219594025246,85.02627961395035
24547.528022846433,24000,0.019178082191780823,0.14808496372624794,0.065,605.3066758058999,30.252981750132335,7,607.6574713895316,30.230279978881754,2.3507955836316796,-0.02270177125058126
24791.62694246409,24000,0.019178082191780823,0.20054643413671785,0.065,881.5716869400777,36.87291625671872,7,858.4760324035815,36.94992137527697,-23.095654536496227,0.07700511855825454
24099.0718652156,24250,0.1232876712328767,0.20452614201175995,0.065,782.949533179679,675.7970243728838,45,711.1933926381716,668.5659196300167,-71.7561405415073,-7.23110474286716
25525.269765085875,25000,0.2465753424657534,0.13976323090672424,0.065,1316.4345613107762,315.93642731910694,90,1250.5545712032472,327.793756924857,-65.87999010752901,11.857329605750067
24007.051483065145,24000,0.019178082191780823,0.12797545152438686,0.065,189.8597553918372,163.5133486435294,7,188.72029240314987,151.76964077378943,-1.1394629886873417,-11.743707869739978
23905.04757973401,24000,0.0821917808219178,0.22149900618889717,0.065,614.2973005302174,594.4200388931009,30,621.6858857366151,588.7610220807492,7.388585206397693,-5.6590168123517515
25067.474328015032,24500,0.2465753424657534,0.17977405509001163,0.065,1506.1861647826206,460.9891487069913,90,1435.772065644489,478.7565094207921,-70.41409913813163,17.767360713800826
24887.914720041837,24750,0.0821917808219178,0.12756129341571185,0.065,456.6005254170964,245.23484058149756,30,511.9287717411171,242.1406026548666,55.32824632402071,-3.094237926630967
24805.818710355557,24250,0.019178082191780823,0.24933262123206973,0.065,743.5283321307439,114.1992476925643,7,708.5045041505,122.47517555819013,-35.02382798024394,8.275927865625832
24807.889299539496,24250,0.019178082191780823,0.12751147292952766,0.065,625.7627802827026,17.960909476176685,7,605.4727848977818,17.37286712152718,-20.289995384920758,-0.5880423546495059
24493.999081305014,25000,0.1232876712328767,0.21035457975161193,0.065,516.8351532084706,847.9352185772377,45,583.1213653445193,889.5804203358421,66.28621213604868,41.645201758604344
24060.345357971943,25000,0.019178082191780823,0.24787826028424376,0.065,58.892298219989414,959.8919601381529,7,60.081395496184996,968.5910702698529,1.1890972761955823,8.699110131700081
24537.144233514926,24250,0.2465753424657534,0.15109341354807032,0.065,1068.4443227449533,419.552549386735,90,1109.6762447589244,436.9656935272578,41.23192201397114,17.41314414052283
24168.190761359067,25000,0.2465753424657534,0.1384924179293355,0.065,513.646694843749,903.4631718746741,90,474.030039774294,908.3482292227127,-39.616655069454964,4.885057348038572
24977.8086693747,24500,0.2465753424657534,0.13578004212491576,0.065,1141.2655838653748,314.35667389808356,90,1182.355001248583,315.0051036652176,41.08941738320823,0.6484297671340187
24427.94188306395,24250,0.1232876712328767,0.15942576918378742,0.065,767.274546163088,376.68094095715014,45,747.2086016466455,375.71111079013826,-20.065944516442414,-0.9698301670118781
24095.50637357167,25000,0.1232876712328767,0.13313595543138407,0.065,185.5630550977825,863.4382730443887,45,187.4916655302759,892.4434282549446,1.9286104324934001,29.005155210555927
24342.520937590034,24250,0.019178082191780823,0.20998097442023717,0.065,335.7866082889437,217.84045810825074,7,347.28398005551935,224.55242422872834,11.497371766575668,6.711966120477598
24702.336412595057,24750,0.0410958904109589,0.12809793375690814,0.065,269.5853296383407,234.4683696936841,15,265.09443635677235,246.73323311871172,-4.490893281568333,12.264863425027613
24223.774969126054,24000,0.0410958904109589,0.18622487665947265,0.065,534.8752935846787,253.4887532392176,15,524.560616273433,236.76160773598167,-10.31467731124576,-16.72714550323593
24097.112006172447,24250,0.1232876712328767,0.249570591000887,0.065,875.9660276475171,806.0852599034415,45,861.9291936334957,821.2615796684968,-14.036834014021338,15.176319765055268
24619.406733631036,24000,0.019178082191780823,0.22581613503578246,0.065,684.6216367817102,89.37265152459689,7,732.1423181238497,82.83641592860113,47.52068134213948,-6.5362355959957625
24620.033619843274,25000,0.0410958904109589,0.19997852697003143,0.065,247.97171814194462,601.1206818792033,15,263.3796607354034,576.6543331719222,15.407942593458756,-24.4663487072811
24251.597844068147,24000,0.019178082191780823,0.15981297070225953,0.065,394.79063658467766,99.88290338338732,7,382.57653892720555,101.07952629484225,-12.21409765747211,1.1966229114549378
24269.191230247023,24250,0.019178082191780823,0.201106458717913,0.065,290.9082617056738,222.85994270927935,7,294.78436367226277,245.3825151884812,3.876101966588976,22.52257247920184
24613.70446930524,24750,0.019178082191780823,0.18851539030851472,0.065,211.02605770505178,322.7657651471755,7,207.59998327267203,313.0619963855843,-3.4260744323797496,-9.70376876159122
23790.43867266631,25000,0.1643835616438356,0.17539083990574827,0.065,299.43209037916193,1250.7155232322089,60,316.6763882647965,1260.5364556806962,17.24429788563458,9.820932448487383
23810.342750555486,24250,0.2465753424657534,0.13699234897622592,0.065,621.267445521773,693.8899704697658,90,620.0935490591692,674.1844807869438,-1.1738964626038069,-19.705489682821963
24147.962331586306,25000,0.019178082191780823,0.23525854798126067,0.065,63.41452120157669,812.3878489753678,7,63.40246498154056,884.2951661408442,-0.012056220036129162,71.90731716547646
24395.410895661196,24500,0.1643835616438356,0.17847200434677193,0.065,761.7467487250253,633.7203503128089,60,782.4800349433663,626.6819045627344,20.733286218340936,-7.038445750074516
24652.344707143024,24000,0.1232876712328767,0.14530092653669946,0.065,1068.8528139944538,176.17631885504798,45,1025.695233528968,181.79033723042994,-43.15758046548581,5.61401837538196
25222.92454630528,24500,0.0410958904109589,0.16780871561404764,0.065,962.9777504428852,72.19397695511475,15,868.0304186226167,79.74799875153622,-94.94733182026846,7.554021796421466
24920.25321536899,24250,0.2465753424657534,0.1738368678287605,0.065,1429.5534013044835,413.4706546568904,90,1471.0139421393105,415.19440905357897,41.46054083482704,1.7237543966885482
24421.63012031792,24750,0.0410958904109589,0.22757992642369365,0.065,329.4121096982859,558.4349624374048,15,332.7520949347163,595.0971839737904,3.3399852364303797,36.66222153638557
24490.682058127684,25000,0.2465753424657534,0.21536986947298226,0.065,1014.0220169945844,1124.1168672129363,90,991.8122779816567,1103.6391706614613,-22.209739012927685,-20.477696551474992
24008.760611327474,24000,0.0410958904109589,0.22000963617337416,0.065,464.9992295558466,397.5913870748304,15,463.8867954816942,391.10214474282293,-1.112434074152418,-6.48924233200745
24490.92856336373,25000,0.2465753424657534,0.12143406437572413,0.065,524.93175717134,595.4831075955244,90,536.2952203695877,647.8756078133429,11.3634631982477,52.39250021781845
24358.557266929132,24250,0.0410958904109589,0.174100019763369,0.065,419.72516707851827,264.1334665971954,15,435.32368243921337,262.0754590214801,15.598515360695103,-2.058007575715294
24658.132094565663,25000,0.0410958904109589,0.18257473971259208,0.065,246.83952588326412,521.0992519588004,15,244.84715057094036,520.0233482850726,-1.9923753123237589,-1.0759036737277938
24094.65683765936,24000,0.0410958904109589,0.12249499598699737,0.065,334.5517596259675,162.0866594429642,15,325.6182873034413,166.93741023268376,-8.9334723225262,4.850750789719569
24754.479791978174,24250,0.0410958904109589,0.15377571713685445,0.065,670.768791713744,103.58500723926551,15,669.8751428665564,100.70439439977781,-0.8936488471875919,-2.8806128394876964
25251.04206737126,25000,0.1232876712328767,0.21883767700587753,0.065,1008.8999604082104,527.6408186483163,45,1013.2004806536697,562.6165495787427,4.3005202454593245,34.97573093042638
24446.70752725614,24750,0.019178082191780823,0.13782426174476986,0.065,77.7275600622379,368.8226709360532,7,81.65297957257553,354.11193473458843,3.9254195103376333,-14.710736201464783
24696.83874382848,24250,0.0821917808219178,0.18959031708883692,0.065,926.6640470464903,307.35694263517576,30,866.3459183101968,290.2978355190071,-60.31812873629349,-17.05910711616866
24838.170555938446,24250,0.1643835616438356,0.14797624336224088,0.065,1114.8139112138601,240.7137050616263,60,1102.0218645834175,256.1210865247176,-12.792046630442655,15.407381463091298
24303.40196877594,24750,0.0821917808219178,0.12157570070370612,0.065,205.59377599912207,561.0322739737406,30,205.65908876803041,520.38367094768,0.06531276890834192,-40.64860302606064
24609.805316087106,24500,0.0821917808219178,0.15135618948794038,0.065,572.0363983401901,311.2675351390901,30,554.8771450019613,314.5304349112939,-17.159253338228837,3.2628997722038093
24506.17027638308,24000,0.2465753424657534,0.246863588138307,0.065,1725.2581785860034,735.1031311008137,90,1672.6836220179666,784.9219384100725,-52.57455656803677,49.81880730925877
24547.86128828893,24500,0.019178082191780823,0.22419982454478865,0.065,332.3863334593267,251.56247905381989,7,344.3645619230829,265.98120572485095,11.978228463756182,14.418726671031067
24121.22520591082,25000,0.2465753424657534,0.24474496376173432,0.065,977.7659901699234,1487.914551875698,90,955.3360459582036,1436.6197908548675,-22.42994421171977,-51.29476102083049
24512.00998538688,24750,0.019178082191780823,0.18342102571042712,0.065,158.19772112346632,350.5804500982474,7,159.42389836980146,366.5803954010735,1.2261772463351406,15.999945302826063
24744.01916271027,24500,0.019178082191780823,0.13426570582807545,0.065,351.35744711987513,75.28619840183401,7,351.70473960983145,77.16350899025838,0.3472924899563168,1.8773105884243648
25211.06036781957,24250,0.0410958904109589,0.19123473356658008,0.065,1051.624561399639,70.65002983487977,15,1095.2238173213445,69.47249301317197,43.599255921705435,-1.177536821707804
24970.04270478175,25000,0.1232876712328767,0.17906905349279492,0.065,685.5570332746887,500.45362378981235,45,712.5628896969756,542.9783212115635,27.00585642228691,42.52469742175117
25555.05940418066,25000,0.0410958904109589,0.22976642075615006,0.065,787.2802428391532,204.43459275912284,15,844.0020084690987,222.25089656823548,56.72176562994548,17.81630380911264
24123.999694184855,24500,0.1232876712328767,0.1327507355019518,0.065,370.276451708489,550.3069236451782,45,365.75007658630057,546.199355971854,-4.526375122188426,-4.107567673324297
24927.43711199313,24500,0.2465753424657534,0.18347134781283114,0.065,1365.0547039671108,557.1553871720706,90,1358.2282424026125,541.249902200816,-6.826461564498231,-15.905484971254623
24589.837582811793,24750,0.1232876712328767,0.13950632641021796,0.065,528.7808077457447,447.98393339018696,45,499.0391037807349,461.6550759023103,-29.741703965009833,13.67114251212331
25573.00343727666,24000,0.2465753424657534,0.16220787049570778,0.065,2166.6701697691906,155.57610982763947,90,2123.512176156728,168.91733165525238,-43.15799361246263,13.341221827612912
24103.933840175974,24500,0.0821917808219178,0.21585642006041394,0.065,507.5839070568178,694.2925882902553,30,474.8498979416054,740.3746637620698,-32.734009115212416,46.082075471814505
24088.53629733142,24500,0.0821917808219178,0.18188235681793966,0.065,362.56299480733213,637.2018832192823,30,375.9092996137024,656.8316082787223,13.346304806370256,19.629725059440034
24206.29760373243,24250,0.1232876712328767,0.16886547706895,0.065,599.270171430504,499.7403801223496,45,648.7809486911665,498.92773716618285,49.51077726066251,-0.8126429561667692
23459.291095088196,25000,0.1232876712328767,0.1712819162141046,0.065,140.7339470579323,1466.3912281836276,45,139.2446980806326,1480.411739288771,-1.4892489772997237,14.020511105143441
24242.38003937643,24000,0.2465753424657534,0.17972807989277825,0.065,1107.3983849405902,632.9305028758256,90,1199.7976601919436,575.8262135906971,92.3992752513534,-57.104289285128516
24128.02499583869,24250,0.0410958904109589,0.2220521506988174,0.065,416.8768039409631,524.0034620165089,15,405.7347042030724,463.0187518757848,-11.142099737890703,-60.98471014072413
24573.692955373343,24750,0.2465753424657534,0.23597100956223047,0.065,1204.353617965398,1087.3576497113409,90,1254.8689471762991,1037.6598531023665,50.5153292109012,-49.697796608974386
24667.46042813081,24750,0.0410958904109589,0.24419350924551067,0.065,497.7219862988185,488.37093938681153,15,479.0561874260329,495.5709686522205,-18.665798872785558,7.2000292654089435
25419.323711215784,24500,0.0821917808219178,0.22229744021318837,0.065,1382.557401903447,236.68081743020002,30,1291.4428238877808,241.5777186684345,-91.11457801566621,4.896901238234477
24965.707680711166,24500,0.019178082191780823,0.16100289644724164,0.065,541.5772275451177,45.70115685504422,7,551.5293378242022,55.29958920373156,9.952110279084536,9.59843234868734
24217.31720872542,24750,0.1232876712328767,0.2094575117912505,0.065,571.6369745775553,835.9792763197166,45,560.1804976427848,895.3168438507346,-11.456476934770535,59.33756753101795
24059.776811039304,24500,0.0410958904109589,0.17688840612720094,0.065,185.90102785177612,536.9867038354687,15,191.16495755167307,566.0302729465675,5.2639296998969485,29.043569111098805
24741.040394038188,24000,0.2465753424657534,0.15310718086598665,0.065,1400.9674361236634,311.22545241890845,90,1427.099885515323,304.4680842523194,26.13244939165952,-6.75736816658906
23853.085728559887,24500,0.0821917808219178,0.22931330532536992,0.065,407.5433581756955,956.4637328719589,30,407.3164510796705,923.6893285162241,-0.22690709602500192,-32.77440435573476
25397.414795268633,25000,0.0410958904109589,0.12499542536510225,0.065,585.8580620268247,85.281937912375,15,550.9905653594287,86.88406237059189,-34.867496667395926,1.6021244582168919
25077.925659153432,24500,0.2465753424657534,0.23722905897760505,0.065,1661.8779923963248,770.3557552842773,90,1702.6188733167128,735.1519859546133,40.74088092038801,-35.20376932966394
24270.103930468693,24250,0.1232876712328767,0.17999207040121545,0.065,759.3379872813935,527.0660581247078,45,721.9054811820752,508.2459429208284,-37.43250609931829,-18.820115203879368
23660.56408074547,24000,0.1232876712328767,0.20283619198507646,0.065,574.1608120034296,766.6033495689107,45,602.8624546376723,750.7381847366887,28.701642634242717,-15.865164832222035
25163.39746334105,24250,0.1643835616438356,0.20571600988675176,0.065,1541.373379509905,380.89800378736834,60,1532.9825532052382,361.8548677439312,-8.390826304666689,-19.04313604343713
24443.87547582622,24250,0.019178082191780823,0.2363653062918497,0.065,429.59268258895673,199.99393124265322,7,442.2606208894158,218.17452682643852,12.66793830045907,18.180595583785305
25106.529992866996,25000,0.1643835616438356,0.20276705868173694,0.065,1051.7337106905716,561.9834003393955,60,1016.6473403255022,644.416087540716,-35.08637036506934,82.4326872013205
23718.73044719076,24000,0.0821917808219178,0.19981136601880803,0.065,453.25847841551234,591.9419062084345,30,470.4660909976883,623.8583598850746,17.207612582175955,31.916453676640117
24206.30623875265,24000,0.0410958904109589,0.1286647652728897,0.065,387.46095766048177,132.99238275506613,15,408.49723070403525,138.1669525399866,21.03627304355348,5.174569784920465
24502.56941286191,24000,0.0821917808219178,0.18739304285287653,0.065,947.7658183318601,273.72769876191177,30,893.3865591008253,262.9398623170591,-54.379259231034894,-10.787836444852644
24523.020490944724,24000,0.2465753424657534,0.13952197010621542,0.065,1197.7045008991836,325.83790157615914,90,1212.9716094230644,308.35971125352535,15.267108523880779,-17.478190322633793
24279.46791897517,24000,0.1232876712328767,0.21586638993379312,0.065,934.1186116925142,484.6041226488555,45,986.5173398761508,515.4892317454633,52.39872818363665,30.885109096607778
24805.196466850273,25000,0.1643835616438356,0.18658884970564768,0.065,817.1916866111027,733.1172163475144,60,783.3660705369603,712.4683437688964,-33.82561607414243,-20.64887257861801
23976.865989602527,24500,0.1643835616438356,0.20842961129708593,0.065,672.0616767292008,896.6683615895764,60,687.8922582647901,950.639033942829,15.830581535589317,53.97067235325255
24430.234052339565,24250,0.1643835616438356,0.12541747707830994,0.065,794.8949907771905,276.81289250121245,60,740.824718040225,302.86044358040454,-54.070272736965535,26.04755107919209
24558.94485953883,24000,0.0821917808219178,0.1310229620859544,0.065,780.9682005981434,119.58567301484322,30,805.0565361300469,118.23439266936566,24.088335531903454,-1.3512803454775622
24752.07502868879,24500,0.1232876712328767,0.2131220404481487,0.065,1065.6403505321675,540.0793557212414,45,977.5546234932208,529.9285683748385,-88.08572703894674,-10.150787346402922
24848.691290263556,24500,0.0410958904109589,0.12937096367982753,0.065,528.4019529300738,99.05795454030381,15,516.009856183784,101.96069235442519,-12.39209674628978,2.90273781412138
23948.925374999446,24250,0.2465753424657534,0.12926337460948362,0.065,673.8735427528621,573.7623542053959,90,655.248745043209,570.7570523270206,-18.62479770965308,-3.0053018783753487
23748.284056339544,25000,0.0410958904109589,0.12157410178053536,0.065,5.000421256432148,1237.6537765866976,15,5.431835131197204,1190.4560710714468,0.431413874765056,-47.197705515250846
25126.06164273027,24750,0.0821917808219178,0.2443451817789324,0.065,1025.6899761505942,489.1824399250104,30,978.226738128049,470.29164635336747,-47.46323802254528,-18.890793571642917
24662.83386587,24750,0.2465753424657534,0.2158760867296709,0.065,1209.9511505370142,858.4843503979007,90,1207.9382467322157,901.5882421616243,-2.0129038047984977,43.103891763723595
24133.24159708729,24500,0.1643835616438356,0.16592268310526834,0.065,528.2350130486224,709.0815479434211,60,597.1855736049511,703.5567417982256,68.9505605563287,-5.524806145195498
25260.064468006036,24250,0.019178082191780823,0.15854962556739519,0.065,1102.6311178990952,6.055242117719654,7,1046.0432106060434,5.768124363253264,-56.587907293051785,-0.2871177544663901
24556.6805708035,24750,0.0821917808219178,0.16546141986696045,0.065,452.9363515501408,494.78267240177615,30,435.17944518904187,496.6254253411298,-17.756906361098913,1.8427529393536588
25077.855620191276,24500,0.0821917808219178,0.22070495905355364,0.065,1097.6812451111061,348.05006003047254,30,1041.0746745574688,332.6776603626304,-56.60657055363731,-15.37239966784216
24533.084055890955,25000,0.1232876712328767,0.20597817943915386,0.065,573.4618181233114,882.0799183753869,45,585.8416349328418,853.2157153382213,12.379816809530325,-28.864203037165566
25509.766483192172,24750,0.0410958904109589,0.14407542382277083,0.065,850.0755945761912,48.97962379148597,15,873.4831589460991,47.6918851109167,23.40756436990796,-1.2877386805692694
25360.11701279717,24500,0.0821917808219178,0.14263421359343095,0.065,1009.4219300804349,83.45435363550227,30,1079.5446513202514,88.88624451951955,70.12272123981654,5.431890884017278
24378.007567245255,24500,0.0821917808219178,0.13279143446274164,0.065,394.2630738552999,383.05453776046124,30,374.4507525986337,365.90179134981736,-19.812321256666223,-17.152746410643886
24976.069765967633,24000,0.1643835616438356,0.20583935356117394,0.065,1620.3830119870572,340.97492965855383,60,1570.6247147287686,339.48173924005823,-49.75829725828862,-1.493190418495601
24816.23421529672,25000,0.1643835616438356,0.21936844608882566,0.065,810.3288150993278,835.2974943782768,60,920.3719053092809,838.4364300947691,110.0430902099531,3.138935716492256
25170.62946319085,24000,0.2465753424657534,0.15445603568225053,0.065,1805.4017440424614,207.39473020608705,90,1765.312972202646,213.09210178697958,-40.08877183981531,5.697371580892536
24027.18750431575,24250,0.019178082191780823,0.12272284493401867,0.065,81.9529489485849,297.62949804096684,7,84.98034921449198,277.58222666198344,3.027400265907076,-20.047271378983396
24836.165215399236,24000,0.1232876712328767,0.13068231677193556,0.065,1132.0973550326391,110.24614965803792,45,1135.5203237839196,107.79491922916714,3.4229687512804503,-2.4512304288707867
25018.627998556298,24000,0.019178082191780823,0.24582180452985397,0.065,1132.2179716335427,39.42164156222144,7,1090.0267707705025,41.499603649989695,-42.191200863040194,2.077962087768256
23638.217651652674,24750,0.2465753424657534,0.15840782107206464,0.065,451.87848322422195,1242.7446189299574,90,447.55493643464433,1165.8211460813818,-4.32354678957762,-76.92347284857556
23920.20332879377,24500,0.1643835616438356,0.21999900921895738,0.065,770.5776690933753,1027.7868024556542,60,706.3291507858721,1025.7385872726663,-64.24851830750322,-2.0482151829878603
23500.77623289755,25000,0.0410958904109589,0.2012062639510543,0.065,31.959717921213233,1484.580938794502,15,32.34452648972456,1464.876585871967,0.3848085685113247,-19.70435292253478
24367.990651122167,24000,0.1643835616438356,0.16965215315487647,0.065,1030.158427236753,422.0637800064959,60,1017.7602224774291,394.696361834187,-12.39820475932379,-27.36741817230893
24851.59570534002,25000,0.1232876712328767,0.14673934408542216,0.065,509.50359815478976,478.29212999135245,45,536.217743305464,485.0801742617823,26.7141451506742,6.78804427042985
25236.154955527054,24000,0.1643835616438356,0.13578023436072284,0.065,1494.1179731410998,86.66489324979511,60,1582.5124775918812,91.28431254374891,88.39450445078137,4.619419293953797
24536.30644240569,24250,0.1232876712328767,0.19995168584505266,0.065,964.8707345321782,486.0945208999321,45,947.0392165192352,467.1771663209911,-17.83151801294298,-18.917354578941
25298.021617329934,24000,0.1232876712328767,0.22070239148291243,0.065,1668.969391714923,244.48436542934598,45,1724.978734829052,235.39692834360176,56.009343114129024,-9.087437085744227
23823.750285474704,24750,0.1232876712328767,0.20370755296034698,0.065,407.4593464274713,1222.540532091257,45,386.0055688349221,1114.7088382935908,-21.453777592549216,-107.83169379766628
23665.342604715974,24500,0.2465753424657534,0.18893927732239058,0.065,691.1714282147233,1097.6146304391941,90,688.7694532675541,1133.8856203429132,-2.401974947169151,36.270989903719055
24472.78162754066,24250,0.1232876712328767,0.12545365904611272,0.065,633.075337305033,236.36418783942608,45,666.4818022911841,250.14456695797162,33.406464986151036,13.78037911854554
24688.19206998026,24000,0.1232876712328767,0.2459035410872699,0.065,1431.6793498782129,432.29219881301674,45,1347.4768234042494,467.72456426847293,-84.20252647396342,35.43236545545619
24483.979573433895,25000,0.0410958904109589,0.2238328449150947,0.065,273.7283666678161,676.6325574533022,15,258.0182971373506,707.3470159832486,-15.71006953046549,30.714458529946455
23486.95337098046,24250,0.019178082191780823,0.15806686477112541,0.065,18.34059419964238,746.1300746951088,7,18.99123996613389,751.8272507489164,0.6506457664915111,5.697176053807652
24456.331180638732,24250,0.0821917808219178,0.2473961428166506,0.065,837.3362960437846,557.1358530240375,30,867.8703417646102,532.3298221631721,30.53404572082559,-24.80603086086535
23860.809944752622,24000,0.019178082191780823,0.19824460665272187,0.065,230.02274728696315,309.66661545449455,7,210.900949247678,320.19183593084017,-19.121798039285153,10.525220476345623
24828.13954892672,24250,0.1232876712328767,0.19571494556694202,0.065,1100.9560756566216,350.69289884958664,45,1125.275406157758,353.5802494384834,24.319330501136392,2.8873505888967657
24679.633140587455,25000,0.0410958904109589,0.21724951332583917,0.065,329.34221332079477,569.9347791825211,15,320.6672539906813,574.3424056830227,-8.674959330113495,4.4076265005015784
24039.458904699597,24250,0.1643835616438356,0.22553007245171788,0.065,961.9644233676362,901.2465801066728,60,899.5678173027536,852.3786904829012,-62.396606064882576,-48.86788962377159
24248.20521050502,25000,0.0410958904109589,0.20534221895309535,0.065,144.84781207126747,860.934065300351,15,153.9743519543199,839.0774337290968,9.12653988305243,-21.856631571254184
23980.985374274413,24000,0.1232876712328767,0.136652447027606,0.065,590.5073605912964,366.9365186189279,45,548.7900112350853,376.2444478051566,-41.717349356211116,9.307929186228705
24469.287242336144,24500,0.0410958904109589,0.1639747757792848,0.065,336.8371255856658,299.1107548993301,15,341.86709949584474,307.2219835938977,5.029973910178967,8.111228694567558
24968.019737045608,24250,0.0410958904109589,0.24065087324238646,0.065,943.5137025956934,169.8848111875435,15,968.0576233569918,185.34692982278193,24.54392076129841,15.462118635238426
24016.994237295585,24500,0.1232876712328767,0.14920002953970074,0.065,349.27938876837885,664.1448328812631,45,374.12733543915965,661.582071713985,24.8479466707808,-2.562761167278154
24746.982792603743,25000,0.2465753424657534,0.16838171309887673,0.065,964.9651404855585,729.5199906468381,90,897.0746238007014,752.6007820044451,-67.89051668485718,23.08079135760704
24240.173766997505,24250,0.0410958904109589,0.17616999478274548,0.065,361.09107650756283,345.2889773797747,15,373.0811068071853,318.2163833210798,11.990030299622447,-27.072594058694904
24111.49231219145,24750,0.0821917808219178,0.17712264866027877,0.065,265.44410785885697,722.2263215344315,30,281.0160124957674,787.6502512599072,15.57190463691046,65.42392972547577
24447.555123622267,24500,0.0821917808219178,0.19968214572428833,0.065,572.5474445434678,501.9884626450401,30,597.2906716078705,519.1941539820436,24.74322706440273,17.205691337003543
23992.731262014506,24250,0.0410958904109589,0.242599858906812,0.065,349.09790017145747,571.4156166123427,15,382.5196579867279,575.0974394836248,33.42175781527044,3.681822871282179
24228.71184037988,24500,0.2465753424657534,0.15129005253822564,0.065,822.0877301772282,623.752625895715,90,784.8674946556712,666.6144260671244,-37.220235521557015,42.86180017140941
23913.039832631464,24250,0.1643835616438356,0.13579517891911935,0.065,489.51247888828533,577.8252587711048,60,487.3782927465163,566.6082379947966,-2.134186141769021,-11.217020776308232
25462.71531512903,24000,0.1232876712328767,0.14567116368179184,0.065,1702.863464880361,56.23460043043933,45,1709.9927903577736,55.717286073225296,7.129325477412522,-0.5173143572140333
24517.279140466148,24500,0.0821917808219178,0.23530023702720504,0.065,741.4909006242136,562.5957818143141,30,734.2465574615217,586.4260229918109,-7.244343162691962,23.83024117749676
24157.134501083634,24750,0.1643835616438356,0.20395540564517678,0.065,696.5392630185237,1038.810769558894,60,647.9862201941814,977.8074717919353,-48.55304282434224,-61.00329776695867
24604.85015625977,24750,0.0410958904109589,0.15716788260109082,0.065,291.64044178496295,372.35029017898546,15,275.2634839454149,354.38853704263784,-16.376957839548027,-17.961753136347625
24444.959255651494,25000,0.1643835616438356,0.22607310206592024,0.065,701.6002332291264,1099.5733794873336,60,761.5733530013458,1050.9128374320608,59.973119772219434,-48.6605420552728
24391.72489622872,24250,0.019178082191780823,0.23197809952724668,0.065,418.25794900660077,215.14295950179323,7,404.9825907743816,233.04707630890516,-13.275358232219162,17.904116807111933
24800.94168302128,24500,0.0821917808219178,0.23004686402973615,0.065,875.7353049821533,460.044627835392,30,885.2477504039089,453.76467337906433,9.512445421755615,-6.279954456327687
24871.178777923178,25000,0.0410958904109589,0.2394604493731421,0.065,489.3805007939951,532.5366531712106,15,451.7848391688822,513.9143535254989,-37.59566162511294,-18.622299645711678
24240.054437670842,24500,0.1232876712328767,0.152791332622537,0.065,466.77739908139034,599.0764882175943,45,487.86705588051336,552.2615917800813,21.08965679912302,-46.81489643751297
24217.849062084108,24250,0.2465753424657534,0.21815545073701617,0.065,1227.396053199438,860.1540700329201,90,1224.7151662309534,871.2997864301051,-2.6808869684846286,11.14571639718497
24365.224668395695,24750,0.0410958904109589,0.1798701346456382,0.065,216.18816381942665,494.81651376481227,15,219.78291333193556,538.533454293236,3.594749512508912,43.71694052842372
23372.058629279563,24000,0.1232876712328767,0.22945981187570802,0.065,556.6587896768451,1020.8895929032946,45,559.7308586078434,996.112040172764,3.0720689309982845,-24.7775527305306
23757.55637952271,24750,0.2465753424657534,0.2147037880310097,0.065,736.5281143495544,1378.305727294045,90,750.9992437253441,1349.926725502044,14.471129375789701,-28.379001792000963
25169.768391047815,25000,0.2465753424657534,0.2209381680449642,0.065,1335.3672088212827,822.5913537353521,90,1395.688231056547,828.428790816215,60.32102223526431,5.837437080862969
25306.034179615628,24000,0.0410958904109589,0.2053010388985393,0.065,1435.4655255423993,43.450314532337416,15,1413.1003630203377,43.04214399331431,-22.36516252206161,-0.40817053902310363
24377.972340617376,25000,0.1643835616438356,0.1430657400310619,0.065,374.9566576262111,747.2388455574153,60,407.68267254927196,764.0090720141052,32.72601492306086,16.770226456689898
24782.512911897327,24250,0.1643835616438356,0.19085349945660196,0.065,1314.5152480190893,412.14704943212524,60,1212.7943682753958,422.55123425781403,-101.72087974369356,10.404184825688787
24652.512575726334,24000,0.2465753424657534,0.24800706613818607,0.065,1774.408934327972,735.6983997440412,90,1773.007589543855,738.9036065927048,-1.4013447841171,3.205206848663579
26008.651596143067,25000,0.1643835616438356,0.24186044864462547,0.065,1894.3578011370146,513.3800154390243,60,1756.6178995702176,482.2650435093592,-137.73990156679702,-31.114971929665103
25048.591706602943,24250,0.019178082191780823,0.12561258565361152,0.065,866.7720645807914,4.119961275017742,7,833.1330272566593,4.330702416958161,-33.63903732413212,0.21074114194041904
24437.320380174424,24750,0.2465753424657534,0.14142592604482682,0.065,737.566238896598,661.997044280993,90,724.5538655598139,643.7173466847998,-13.012373336784094,-18.27969759619316
24031.785184105793,24250,0.2465753424657534,0.13712474054909304,0.065,711.7466217658005,545.3399038691939,90,737.5079528742244,570.1564510516891,25.761331108423974,24.816547182495242
23712.84130307379,24500,0.1232876712328767,0.21437738829808842,0.065,502.7525000046186,1039.0016119813538,45,463.2593156538551,1054.8669861504713,-39.4931843507635,15.865374169117558
24599.69718157494,24250,0.1643835616438356,0.22631209288140286,0.065,1324.5093254325327,648.9365578420858,60,1225.547763968645,618.1203602734513,-98.96156146388762,-30.816197568634493
24129.38813481069,24250,0.2465753424657534,0.14775647762038735,0.065,859.8413688361846,590.7733317925055,90,842.6563703861266,577.7019178586943,-17.18499845005806,-13.071413933811186
23803.09568229714,24500,0.019178082191780823,0.18576085008373777,0.065,41.753200123952354,718.6329064032137,7,44.896926852071374,711.2791766456285,3.14372672811902,-7.353729757585256
24183.179286721162,25000,0.1232876712328767,0.229291393641456,0.065,552.5562601457106,1171.883463948403,45,515.9973231484491,1133.276172723623,-36.55893699726141,-38.607291224780056
23970.041478228948,25000,0.0410958904109589,0.21526420081961256,0.065,107.3882169948814,1161.4069978132025,15,106.56586586032972,1069.8326799111746,-0.8223511345516812,-91.57431790202781
25326.699401185557,24250,0.2465753424657534,0.1904908367139403,0.065,1819.302521273589,362.4397379036858,90,1836.2919608461489,374.02624194385317,16.98943957255983,11.58650404016737
24932.00348090523,24500,0.019178082191780823,0.19674519975964047,0.065,565.0763964635346,102.00248246116365,7,560.7632323386897,98.23768352415664,-4.313164124844889,-3.764798937007015
24496.09340575486,24500,0.0821917808219178,0.1860868710991164,0.065,535.4111504028193,465.6224496604801,30,585.7183243736035,459.0835246151837,50.30717397078422,-6.5389250452963665
25225.172628056112,24750,0.019178082191780823,0.15868129867144667,0.065,581.5615929786618,52.196380265474794,7,558.9158589581166,52.9097133201567,-22.645734020545206,0.7133330546819039
24537.910470747334,25000,0.019178082191780823,0.1934528590716721,0.065,108.75383262969656,551.1142638772202,7,103.05018635680153,533.9947483550786,-5.703646272895028,-17.11951552214157
24077.970741349152,24000,0.1232876712328767,0.20955508926651178,0.065,936.1830883615257,554.4885927480977,45,845.6410183145599,576.1100878098914,-90.54207004696582,21.621495061793667
25246.33079786213,25000,0.0410958904109589,0.23353197906190498,0.065,673.5464522608956,316.6913299308168,15,646.6860295160368,333.6635239337011,-26.86042274485885,16.972194002884294
24764.065921405483,25000,0.0821917808219178,0.20271787601730223,0.065,482.9377294038057,564.1738340349918,30,525.3710694030597,628.0996439123137,42.433339999253974,63.92580987732185
23991.749384380037,24750,0.1643835616438356,0.21894579981561052,0.065,650.182959171554,1138.7423558228088,60,633.1412032087264,1128.3475715100776,-17.04175596282755,-10.39478431273119
24406.73404773903,24000,0.1643835616438356,0.14080931254409448,0.065,918.9599109616421,254.90142235425805,60,941.5115153079696,279.7042580478601,22.551604346327508,24.80283569360205
24070.94705584147,24750,0.019178082191780823,0.18000247167457267,0.065,43.06335769991705,692.9642372291927,7,44.603024272055336,692.8224508487401,1.5396665721382874,-0.1417863804525723
23822.428131827477,24000,0.1232876712328767,0.12121311057752213,0.065,427.6856180658594,397.05439158589763,45,411.3712638236648,397.3829428406716,-16.31435424219461,0.32855125477396996
