spot_price,strike_price,days_to_expiry,time_to_maturity,volatility,risk_free_rate,bs_call_price,bs_put_price,market_call_price,market_put_price,moneyness,option_type_call,option_type_put,moneyness_category,maturity_category
24743.389934975505,24000,15,0.0410958904109589,0.22905675123797142,0.065,964.9331193506077,157.51914496370682,930.909059570296,151.97746342913265,1.0208333333333333,call,put,ATM,Short (8-30 days)
24432.25049242612,24750,7,0.019178082191780823,0.13620614855642468,0.065,75.80538226655153,362.7213722585875,84.74047309142344,379.7300720436333,0.98989898989899,call,put,ATM,Very Short (≤7 days)
24817.367383669338,24250,7,0.019178082191780823,0.2397094447402584,0.065,707.2600643593178,109.68206245322472,677.5512489469296,110.58528232296825,1.0103092783505154,call,put,ATM,Very Short (≤7 days)
25246.284629639933,25000,90,0.2465753424657534,0.23308652706807667,0.065,1500.60916239349,856.833483561044,1473.4079933758571,881.8444690613561,0.98,call,put,ATM,Medium (31-90 days)
24385.264846385566,24000,90,0.2465753424657534,0.18744894742638937,0.065,1326.325859515633,559.4696059052512,1362.3687052482856,589.7819392065322,1.0208333333333333,call,put,ATM,Medium (31-90 days)
24385.2728910949,24500,30,0.0821917808219178,0.19686580664684078,0.065,556.755495771702,540.9412106732416,533.0778966304873,543.7739926355183,1.0,call,put,ATM,Short (8-30 days)
25273.81427959862,24000,60,0.1643835616438356,0.1718703515031169,0.065,1701.692126572114,172.80463745242196,1552.9176947099324,161.94092571392568,1.0208333333333333,call,put,ITM,Medium (31-90 days)
24876.043017284926,24500,7,0.019178082191780823,0.12711901304686407,0.065,447.3747154016819,40.80963020745821,467.1509334087845,38.869777508884425,1.0,call,put,ATM,Very Short (≤7 days)
24269.957550891875,24750,15,0.0410958904109589,0.16357564141396713,0.065,158.01290078907732,572.0305592542027,151.36917886514743,571.793793673482,0.98989898989899,call,put,ATM,Short (8-30 days)
24765.854421357122,24250,45,0.1232876712328767,0.2243709483177415,0.065,1173.3126019373467,463.9025727876706,1214.071195578708,439.2965587941937,1.0103092783505154,call,put,ATM,Medium (31-90 days)
24272.92533052189,24000,7,0.019178082191780823,0.12060216299059837,0.065,355.51183846105414,52.68733937495199,293.63840115885586,50.39485201041268,1.0208333333333333,call,put,ATM,Very Short (≤7 days)
24271.792420750575,25000,7,0.019178082191780823,0.16335489231984873,0.065,28.07595120107044,725.1385631961093,29.768408955232648,737.5795860899393,0.98,call,put,ATM,Very Short (≤7 days)
24618.561513067358,24750,30,0.0821917808219178,0.17176193016682262,0.065,483.7950639252358,483.360101813465,515.819268691598,456.00636352869583,0.98989898989899,call,put,ATM,Short (8-30 days)
23562.49268011768,24000,60,0.1643835616438356,0.18986142838193,0.065,638.643039331173,821.077149692419,586.2935885787152,840.0665520525288,1.0208333333333333,call,put,ATM,Medium (31-90 days)
23654.790262068615,25000,45,0.1232876712328767,0.23958123013365887,0.065,365.09559600600096,1510.7634702337236,369.47715822950664,1533.8444855036264,0.98,call,put,OTM,Medium (31-90 days)
24224.479110671924,24000,90,0.2465753424657534,0.16502497926757495,0.065,1121.8971764978833,515.826658601145,1174.2334914514672,526.702474865352,1.0208333333333333,call,put,ATM,Medium (31-90 days)
24003.71275103613,24500,90,0.2465753424657534,0.1651039162465096,0.065,734.3957642768983,841.1417850321031,749.2899563928224,871.2128988270614,1.0,call,put,ATM,Medium (31-90 days)
24653.981192971685,24000,15,0.0410958904109589,0.21587516225426728,0.065,876.3152397396007,158.3100073565156,898.3290073138076,165.09712094441545,1.0208333333333333,call,put,ATM,Short (8-30 days)
24055.068202994607,24000,45,0.1232876712328767,0.17878833231567492,0.065,730.6239798489241,483.9955876988006,767.4664547869365,521.062118775214,1.0208333333333333,call,put,ATM,Medium (31-90 days)
23807.97118634571,24000,90,0.2465753424657534,0.14919862698219766,0.065,799.5678519407538,610.0052583702272,773.6142262831635,624.662528994929,1.0208333333333333,call,put,ATM,Medium (31-90 days)
25218.16789677156,24750,15,0.0410958904109589,0.17881713709725014,0.065,689.0678162292061,154.8751288146468,676.3089204843069,148.42025103817267,0.98989898989899,call,put,ATM,Short (8-30 days)
24389.3696127616,24000,60,0.1643835616438356,0.13831141264937397,0.065,920.791886234214,276.34906395154394,889.0457295901072,283.18808865033293,1.0208333333333333,call,put,ATM,Medium (31-90 days)
24533.088820297082,25000,15,0.0410958904109589,0.14293030824580902,0.065,129.23596714560153,529.4554391283127,131.93863081704592,540.0554554669475,0.98,call,put,ATM,Short (8-30 days)
23801.873388755404,24500,90,0.2465753424657534,0.18478781045613235,0.065,730.9690252878645,1039.5544083237983,722.7195410399682,1039.7318993058404,1.0,call,put,ATM,Medium (31-90 days)
24233.25246498266,24500,30,0.0821917808219178,0.17446030843559124,0.065,419.78599750212743,555.9921385159087,436.9500540595465,514.5875968996502,1.0,call,put,ATM,Short (8-30 days)
24554.352068957833,24000,30,0.0821917808219178,0.238929967138853,0.065,1057.8353031201295,375.60595024044324,1059.1386672031654,377.29535346529985,1.0208333333333333,call,put,ATM,Short (8-30 days)
23936.013147063073,24750,30,0.0821917808219178,0.1671112068851623,0.065,200.473446245569,882.5868501380864,208.02432139024378,823.0012754980579,0.98989898989899,call,put,ATM,Short (8-30 days)
24684.09202898938,24750,90,0.2465753424657534,0.19547648553614566,0.065,1121.9235506342902,794.3153829443199,1205.7948386564922,802.7998795637444,0.98989898989899,call,put,ATM,Medium (31-90 days)
24205.687041939786,25000,30,0.0821917808219178,0.20219435742953895,0.065,296.9757247744719,958.0831787494226,300.9341223277471,938.855419059896,0.98,call,put,ATM,Short (8-30 days)
24357.070062601295,24000,45,0.1232876712328767,0.12170227935648337,0.065,741.8285591111198,193.19830735430787,761.7845765225455,193.66153942158184,1.0208333333333333,call,put,ATM,Medium (31-90 days)
24205.163760007596,24500,60,0.1643835616438356,0.20625985836217237,0.065,790.7676846063277,825.2166898793021,838.5688772399241,765.7394342859466,1.0,call,put,ATM,Medium (31-90 days)
25407.61631040938,24750,15,0.0410958904109589,0.14314467569306769,0.065,784.6768281919431,61.035727139561914,791.5641654419834,62.282419550997226,0.98989898989899,call,put,ATM,Short (8-30 days)
24493.386359878412,24000,15,0.0410958904109589,0.24493914127102917,0.065,808.9581291247323,251.54772983492512,801.4197559515092,246.4580913751917,1.0208333333333333,call,put,ATM,Short (8-30 days)
23981.72164481161,24750,90,0.2465753424657534,0.13932615460790468,0.065,496.24078757106145,871.0030040588663,487.2350772725574,878.6085704711675,0.98989898989899,call,put,ATM,Medium (31-90 days)
24903.047006930563,24750,30,0.0821917808219178,0.17390113608451307,0.065,647.9436983776122,363.02324240263806,589.3061251669664,380.5393854092495,0.98989898989899,call,put,ATM,Short (8-30 days)
23901.7866115142,24500,30,0.0821917808219178,0.1310954568502237,0.065,175.0779082502777,642.7499027325212,170.87488409625325,646.8571612975938,1.0,call,put,ATM,Short (8-30 days)
24602.34316155233,24250,7,0.019178082191780823,0.24959365273997317,0.065,561.8867565408727,179.33297675178528,572.2002516410902,174.61826448683738,1.0103092783505154,call,put,ATM,Very Short (≤7 days)
23539.76163929891,25000,60,0.1643835616438356,0.18528535134306154,0.065,277.3849421218474,1471.9220429051493,275.56753807478964,1322.1362942659364,0.98,call,put,OTM,Medium (31-90 days)
23849.188836039768,25000,45,0.1232876712328767,0.19740005225160567,0.065,301.10141400613156,1252.370714262699,312.12358667589444,1320.0030535320225,0.98,call,put,ATM,Medium (31-90 days)
24596.46200557587,24500,15,0.0410958904109589,0.12871994206049556,0.065,344.23325069011844,182.41337154844405,314.95632370077806,178.7058847410145,1.0,call,put,ATM,Short (8-30 days)
24861.84862419775,24750,7,0.019178082191780823,0.2174948611518931,0.065,374.63518688521253,231.953045105618,351.59756966713013,229.89167466526524,0.98989898989899,call,put,ATM,Very Short (≤7 days)
24583.970457783085,24000,7,0.019178082191780823,0.14728772710242616,0.065,639.457332315189,25.587705967893726,660.1960953273574,26.850854458576894,1.0208333333333333,call,put,ATM,Very Short (≤7 days)
24443.33234162976,24750,90,0.2465753424657534,0.23674705762729278,0.065,1187.6360062781005,1100.7875259477514,1254.253668354163,1172.9190406692037,0.98989898989899,call,put,ATM,Medium (31-90 days)
24352.459189161247,24500,15,0.0410958904109589,0.14666815326266092,0.065,250.1009522777531,332.28388955070477,247.3196698932292,313.22809583524025,1.0,call,put,ATM,Short (8-30 days)
23775.52422471996,25000,90,0.2465753424657534,0.14478940368627666,0.065,357.1188412609072,1184.103567348433,355.0727234976211,1221.5962827766077,0.98,call,put,ATM,Medium (31-90 days)
24147.276337886593,24750,45,0.1232876712328767,0.12475145682025233,0.065,253.2210171482384,658.3982341950177,237.6826186467432,713.0497961286287,0.98989898989899,call,put,ATM,Medium (31-90 days)
24274.287002229703,25000,7,0.019178082191780823,0.1813687028642999,0.065,40.517563399648225,735.085593915559,42.336576189400205,727.493366431069,0.98,call,put,ATM,Very Short (≤7 days)
25017.989890847268,24000,7,0.019178082191780823,0.19342934732414013,0.065,1063.230199768699,15.341140357219274,1025.4391745396438,14.827886336153107,1.0208333333333333,call,put,ATM,Very Short (≤7 days)
24668.372961888545,25000,60,0.1643835616438356,0.1285421231256858,0.065,481.2285833078913,547.1543615015598,483.01409086487587,540.8784297703737,0.98,call,put,ATM,Medium (31-90 days)
23636.11032387226,25000,45,0.1232876712328767,0.22081859017035138,0.065,306.2397662433368,1470.5875786674114,320.7938533229067,1445.3687790231609,0.98,call,put,OTM,Medium (31-90 days)
24658.80114500345,24250,7,0.019178082191780823,0.17892754851724357,0.065,521.9290457131574,82.91728247295032,535.1208495940938,82.79736383336906,1.0103092783505154,call,put,ATM,Very Short (≤7 days)
24311.309682596006,24250,45,0.1232876712328767,0.1881707350125854,0.065,772.856742865979,517.9914524774194,783.277531926412,512.033089116102,1.0103092783505154,call,put,ATM,Medium (31-90 days)
24168.30821985008,24250,15,0.0410958904109589,0.17729915710196964,0.065,338.2161817228771,355.21700538419645,350.1842241282464,368.0499315637314,1.0103092783505154,call,put,ATM,Short (8-30 days)
24799.721381532025,25000,30,0.0821917808219178,0.17209919791379238,0.065,455.9521782524571,523.0252926351677,466.43746031071396,538.9125605720391,0.98,call,put,ATM,Short (8-30 days)
25005.189766023017,24500,7,0.019178082191780823,0.1927532430700683,0.065,613.5078247454767,77.79599081315882,584.5389430220775,79.0533520332418,1.0,call,put,ATM,Very Short (≤7 days)
24956.32725836694,25000,60,0.1643835616438356,0.14018123197099264,0.065,681.2288769491697,459.20035866444596,723.7784928065922,470.483016335681,0.98,call,put,ATM,Medium (31-90 days)
24088.783413620906,24500,15,0.0410958904109589,0.14365065696438525,0.065,142.03359585916314,487.89230867245715,134.71377019726927,486.67827380809405,1.0,call,put,ATM,Short (8-30 days)
24348.485935832905,24500,45,0.1232876712328767,0.23203213073175727,0.065,812.6681532012644,768.6311909387678,827.9047846333518,739.523146304268,1.0,call,put,ATM,Medium (31-90 days)
24662.319081387745,24250,90,0.2465753424657534,0.24299501007737226,0.065,1609.2421761385758,811.3567770340887,1499.952811318504,798.5333696459884,1.0103092783505154,call,put,ATM,Medium (31-90 days)
24978.017112289956,24750,15,0.0410958904109589,0.16853021111636787,0.065,505.5697516000091,211.52784866705224,486.8426287763357,211.37672226357944,0.98989898989899,call,put,ATM,Short (8-30 days)
24265.204623455807,24000,7,0.019178082191780823,0.155196807508662,0.065,386.97277906075396,91.8689870407361,356.18126510816205,94.4629127705373,1.0208333333333333,call,put,ATM,Very Short (≤7 days)
24409.02710143473,24250,45,0.1232876712328767,0.20371994062107204,0.065,881.913315824886,529.330606597603,853.9299842791494,555.6847133707762,1.0103092783505154,call,put,ATM,Medium (31-90 days)
23957.895862737045,24250,30,0.0821917808219178,0.1731354422427525,0.065,398.9596825494191,561.8544808496627,393.4361088882458,561.1412333758815,1.0103092783505154,call,put,ATM,Short (8-30 days)
23913.85875420047,24750,15,0.0410958904109589,0.12330022623584483,0.065,29.57795251755897,799.6944076740874,29.322051646260018,772.1785348860914,0.98989898989899,call,put,ATM,Short (8-30 days)
24898.137652973157,24000,7,0.019178082191780823,0.14029983765760473,0.065,932.5787107840115,4.541889246641972,1047.8584704652128,4.429280783558735,1.0208333333333333,call,put,ATM,Very Short (≤7 days)
25164.557613999703,25000,60,0.1643835616438356,0.2130763897501617,0.065,1091.796830214509,661.5379562970193,1147.670707908726,625.3641034007172,0.98,call,put,ATM,Medium (31-90 days)
24464.715040425635,25000,90,0.2465753424657534,0.20566011244831967,0.065,931.7095993850708,1069.5035097669188,949.0455188507717,1095.1112827696577,0.98,call,put,ATM,Medium (31-90 days)
24991.73111996709,24250,45,0.1232876712328767,0.12352247902545285,0.065,1046.1626470779593,110.87591931831594,1044.897994559993,107.71038565705919,1.0103092783505154,call,put,ATM,Medium (31-90 days)
24677.20165227334,24000,15,0.0410958904109589,0.14885638105128343,0.065,801.0975861074949,59.8718944227594,790.5502590798309,58.6646090985623,1.0208333333333333,call,put,ATM,Short (8-30 days)
24183.89132024349,24250,15,0.0410958904109589,0.1500397235564493,0.065,292.74409948081484,294.161822748727,327.9030505210734,293.82937444918497,1.0103092783505154,call,put,ATM,Short (8-30 days)
24677.083846699123,24500,30,0.0821917808219178,0.20734605666783468,0.065,748.1878182022829,440.5625774995988,767.823587707655,479.8084445983866,1.0,call,put,ATM,Short (8-30 days)
25253.637917568325,24250,30,0.0821917808219178,0.12256236990806733,0.065,1171.8095906199887,38.96233408895705,1120.4656596414147,39.03570061828491,1.0103092783505154,call,put,ATM,Short (8-30 days)
24482.445240836125,24250,60,0.1643835616438356,0.13353411565799458,0.065,804.6165612585828,314.4410983022062,793.7869802779838,313.08682493201457,1.0103092783505154,call,put,ATM,Medium (31-90 days)
25266.675391348865,25000,90,0.2465753424657534,0.22398909109851461,0.065,1469.4468072066593,805.2803666652817,1456.2943790300308,775.8120542717708,0.98,call,put,ATM,Medium (31-90 days)
23216.324898996027,25000,60,0.1643835616438356,0.14321080606706338,0.065,97.20221760899176,1615.1760586951787,98.15193326125565,1529.3591076318162,0.98,call,put,OTM,Medium (31-90 days)
24902.73222714386,25000,7,0.019178082191780823,0.2048569940207437,0.065,250.3802083736864,316.5030139754417,262.7600416649151,326.3669855977733,0.98,call,put,ATM,Very Short (≤7 days)
24542.653063436705,24500,7,0.019178082191780823,0.15096376153607444,0.065,243.05463889518614,169.87950754917802,237.05771756320829,166.09983017404858,1.0,call,put,ATM,Very Short (≤7 days)
24353.486398271725,25000,60,0.1643835616438356,0.13292738105871488,0.065,358.95312940031,739.765471210796,363.8978983271972,710.228658626667,0.98,call,put,ATM,Medium (31-90 days)
24544.962780502396,24000,90,0.2465753424657534,0.15161238482992903,0.065,1278.7806327875278,352.2264450603134,1394.6368872745086,358.52999041094955,1.0208333333333333,call,put,ATM,Medium (31-90 days)
23526.091231845563,24750,60,0.1643835616438356,0.21389470114123568,0.065,436.71185238248654,1397.5763732183168,445.29898634821353,1445.1949504159768,0.98989898989899,call,put,ATM,Medium (31-90 days)
24392.36077495962,24000,90,0.2465753424657534,0.23124054085381715,0.065,1529.0264668467044,755.0742846622688,1484.7257327157652,796.1884563115792,1.0208333333333333,call,put,ATM,Medium (31-90 days)
24674.985160040756,24000,90,0.2465753424657534,0.2279285823937089,0.065,1698.3556661963503,641.7790989307769,1708.081585770379,672.2682741423163,1.0208333333333333,call,put,ATM,Medium (31-90 days)
25224.168081923344,25000,45,0.1232876712328767,0.1716338588503991,0.065,836.7051525763145,412.9952069493065,828.4237325278988,440.1966866422396,0.98,call,put,ATM,Medium (31-90 days)
24246.047593045914,24750,90,0.2465753424657534,0.206851067754184,0.065,941.1161706571547,1051.5524389106504,960.0017195263159,1166.3034681213026,0.98989898989899,call,put,ATM,Medium (31-90 days)
24103.838134582336,24750,30,0.0821917808219178,0.14664795840405673,0.065,201.8691455804792,716.1575619537325,198.13939492740815,723.4820417939053,0.98989898989899,call,put,ATM,Short (8-30 days)
24254.139048643578,24750,90,0.2465753424657534,0.1581092049339317,0.065,711.0038427445179,813.3486554003503,674.3311089640854,791.8234549096506,0.98989898989899,call,put,ATM,Medium (31-90 days)
24948.547037674016,24500,90,0.2465753424657534,0.23652365640774559,0.065,1615.9351828594681,777.8469169767868,1665.9230508509331,821.7689935771191,1.0,call,put,ATM,Medium (31-90 days)
24661.088043733245,25000,90,0.2465753424657534,0.12169025005639568,0.065,623.4541757868283,564.8750828610664,715.8815800384011,562.1459197792881,0.98,call,put,ATM,Medium (31-90 days)
24240.41750015415,24750,7,0.019178082191780823,0.13111610901108084,0.065,31.90525626870658,510.6542385327157,30.416535622490294,529.8886881593417,0.98989898989899,call,put,ATM,Very Short (≤7 days)
24751.501042225544,24500,30,0.0821917808219178,0.14702521316898354,0.065,631.7956620486912,249.75322581958608,596.1678447760332,256.79973071542247,1.0,call,put,ATM,Short (8-30 days)
24547.56799918054,24250,30,0.0821917808219178,0.12344918650359656,0.065,598.2890822579247,171.5117441146749,583.2643766828958,173.32629523546663,1.0103092783505154,call,put,ATM,Short (8-30 days)
24974.636045361116,24250,60,0.1643835616438356,0.14358660656167366,0.065,1189.6370765579013,207.2708090765318,1254.5345213263547,206.1232187046631,1.0103092783505154,call,put,ATM,Medium (31-90 days)
24155.9939840001,24500,45,0.1232876712328767,0.19579540292605999,0.065,592.8306426682775,741.2856322385869,620.4826080229941,773.6486265764705,1.0,call,put,ATM,Medium (31-90 days)
24339.445548167092,24500,90,0.2465753424657534,0.17478519157702474,0.065,957.9837046291905,728.996928253433,868.6837434218631,696.1337195348862,1.0,call,put,ATM,Medium (31-90 days)
24307.867004965243,25000,15,0.0410958904109589,0.23604732244000673,0.065,221.94566295346885,847.3869502680209,204.61384999058413,932.1992451955887,0.98,call,put,ATM,Short (8-30 days)
23782.87767541526,25000,45,0.1232876712328767,0.22626766302599732,0.065,365.47396182364264,1383.0544227047194,363.54806159695255,1506.2036086584833,0.98,call,put,ATM,Medium (31-90 days)
24645.09893576164,24250,45,0.1232876712328767,0.16443625572072387,0.065,903.5805002677953,314.9259567136014,829.8053083395172,305.90697450978706,1.0103092783505154,call,put,ATM,Medium (31-90 days)
24627.917083368146,24750,30,0.0821917808219178,0.153725046346068,0.065,437.8004331674347,428.0099007548779,455.3233570171803,431.84646603730465,0.98989898989899,call,put,ATM,Short (8-30 days)
24502.505593754806,24250,45,0.1232876712328767,0.1693600130617447,0.065,826.2034636343269,380.1422620869671,848.2159980880417,356.3109871760954,1.0103092783505154,call,put,ATM,Medium (31-90 days)
24385.05230464618,24750,90,0.2465753424657534,0.19673834252692501,0.065,963.798886080589,935.2304427338186,1030.1469697200178,971.5648980961382,0.98989898989899,call,put,ATM,Medium (31-90 days)
23806.468336395297,24750,90,0.2465753424657534,0.15484827330697393,0.065,495.8491650709002,1045.864689975011,505.80644864935647,1010.0119107716458,0.98989898989899,call,put,ATM,Medium (31-90 days)
24293.883791844975,25000,7,0.019178082191780823,0.2011393580203874,0.065,58.934632431710725,733.9058733323509,59.8887845068006,723.2095629523086,0.98,call,put,ATM,Very Short (≤7 days)
24332.06988690188,24000,90,0.2465753424657534,0.17322351478486125,0.065,1228.0366811210606,514.3753869943612,1126.6934937313479,513.0785733009812,1.0208333333333333,call,put,ATM,Medium (31-90 days)
24106.88413808141,24000,90,0.2465753424657534,0.19176613351075744,0.065,1171.2538262569888,682.7782809507662,1162.075272326543,719.0475147803678,1.0208333333333333,call,put,ATM,Medium (31-90 days)
24420.970001283655,24500,30,0.0821917808219178,0.17669644878759116,0.065,519.1422065396946,467.63081125247845,461.14295285901284,473.13014559116687,1.0,call,put,ATM,Short (8-30 days)
24697.984919839124,25000,90,0.2465753424657534,0.15828054874044928,0.065,821.3952103882511,725.9192413566107,773.9363073886643,737.5057596761063,0.98,call,put,ATM,Medium (31-90 days)
25424.23109159316,24750,7,0.019178082191780823,0.24329892990508037,0.065,800.5274560510952,95.46284687609295,815.5085290881934,95.04832439303456,0.98989898989899,call,put,ATM,Very Short (≤7 days)
24585.5431282876,24000,15,0.0410958904109589,0.2192687532407689,0.065,830.7211488324283,181.15398113343053,864.2529224368076,169.87020707508978,1.0208333333333333,call,put,ATM,Short (8-30 days)
24626.199691454156,24750,30,0.0821917808219178,0.13821471284963882,0.065,393.2530270533098,385.17988655474255,415.0337480634165,371.54299968711905,0.98989898989899,call,put,ATM,Short (8-30 days)
24463.52150127458,24000,15,0.0410958904109589,0.23290083686672866,0.065,767.2779296764129,239.73238899043645,707.5875949097023,236.46728215247205,1.0208333333333333,call,put,ATM,Short (8-30 days)
23559.80210450347,24000,30,0.0821917808219178,0.18336605577243675,0.065,356.6777014381023,668.9983130127785,319.31290297109,677.5004082690085,1.0208333333333333,call,put,ATM,Short (8-30 days)
24487.008201029883,24000,60,0.1643835616438356,0.23629178949623186,0.065,1339.4833425224388,597.4019319714826,1322.1202600535496,634.2522794853822,1.0208333333333333,call,put,ATM,Medium (31-90 days)
24529.512802871104,25000,45,0.1232876712328767,0.22398118327315097,0.065,645.718765251233,916.6640986764651,666.6698922487434,852.8644452869956,0.98,call,put,ATM,Medium (31-90 days)
25706.988635117792,24250,60,0.1643835616438356,0.17527775558100034,0.065,1869.8900163368744,155.17115909882978,1791.5053963637217,159.21076418062046,1.0103092783505154,call,put,ITM,Medium (31-90 days)
24405.74312725725,24750,90,0.2465753424657534,0.12292101008161525,0.065,618.5591169816471,569.2998510238085,644.7575392031487,604.098330459887,0.98989898989899,call,put,ATM,Medium (31-90 days)
24647.75819774347,25000,15,0.0410958904109589,0.15492805672004298,0.065,188.48533537476942,474.03542991109316,199.93119487259693,471.9135854593117,0.98,call,put,ATM,Short (8-30 days)
24482.99123284443,25000,90,0.2465753424657534,0.1904124479059127,0.065,866.8933698278852,986.4110877909407,882.6125575509024,1050.4655908124996,0.98,call,put,ATM,Medium (31-90 days)
23927.34776156643,25000,45,0.1232876712328767,0.20235216857739913,0.065,339.87516720767417,1212.98554193758,334.72081649687505,1236.0156606702528,0.98,call,put,ATM,Medium (31-90 days)
25059.98317911236,25000,30,0.0821917808219178,0.1535253991063163,0.065,541.6524188539879,348.4637356563635,532.7996306044698,338.8644637503909,0.98,call,put,ATM,Short (8-30 days)
24868.447186016518,25000,45,0.1232876712328767,0.13811628962946715,0.065,515.1860529498754,447.197003229694,516.4324198554342,431.8236346782307,0.98,call,put,ATM,Medium (31-90 days)
24887.605654051094,24500,7,0.019178082191780823,0.22854093078390889,0.065,564.2577136576438,146.12999169724844,560.5641962838275,138.56809440919307,1.0,call,put,ATM,Very Short (≤7 days)
24054.400147150576,24750,45,0.1232876712328767,0.24797228349146178,0.065,618.1516498836645,1116.2050576664587,612.2793826883933,1141.2298333435874,0.98989898989899,call,put,ATM,Medium (31-90 days)
25187.369212358688,25000,7,0.019178082191780823,0.18833972369934915,0.065,384.62116459053505,166.10698497746125,373.29861874232006,166.18415622736458,0.98,call,put,ATM,Very Short (≤7 days)
23813.092979231784,24750,45,0.1232876712328767,0.14231830716027946,0.065,199.8668532338579,939.2274289354427,201.25935151928422,960.4790880828892,0.98989898989899,call,put,ATM,Medium (31-90 days)
24787.559975962133,24500,7,0.019178082191780823,0.15539995244751797,0.065,407.4566944353137,89.37465056388282,404.7352944062428,94.22709680705867,1.0,call,put,ATM,Very Short (≤7 days)
25573.32325664689,24500,15,0.0410958904109589,0.12239078795117067,0.065,1146.7680113900824,8.086881177391774,1026.3046841481257,9.274744087571282,1.0,call,put,ATM,Short (8-30 days)
24014.637200685964,24750,90,0.2465753424657534,0.23885884485286485,0.065,980.9202476987011,1322.7669083121473,938.194610318782,1349.4464570139492,0.98989898989899,call,put,ATM,Medium (31-90 days)
24222.514112494642,24000,90,0.2465753424657534,0.13530764077571833,0.065,987.8519121957343,383.746392476276,941.4985462141751,396.1081715762272,1.0208333333333333,call,put,ATM,Medium (31-90 days)
24548.829168892946,24250,60,0.1643835616438356,0.19494714181685296,0.065,1075.3486639242383,518.7892729110408,1090.219077360519,501.9101127654093,1.0103092783505154,call,put,ATM,Medium (31-90 days)
24253.296929483062,24000,90,0.2465753424657534,0.1556271786893368,0.065,1098.2130582345962,463.32472152671835,1157.1369850023914,459.52636508257655,1.0208333333333333,call,put,ATM,Medium (31-90 days)
23740.174918777593,24000,30,0.0821917808219178,0.19204314032705314,0.065,459.49869308477173,591.4464903853241,472.0709435033893,564.3239429900399,1.0208333333333333,call,put,ATM,Short (8-30 days)
24533.595857654953,24000,45,0.1232876712328767,0.20468465048574236,0.065,1114.9402410358707,389.7841942254008,1113.2183476434104,428.8290185925953,1.0208333333333333,call,put,ATM,Medium (31-90 days)
23979.47118027421,25000,60,0.1643835616438356,0.22786643448193622,0.065,569.9754275682608,1324.8029873762644,597.4187620277769,1345.179832166289,0.98,call,put,ATM,Medium (31-90 days)
24732.06029101124,24500,30,0.0821917808219178,0.1468347653288784,0.065,618.6890369178127,256.08735190301377,604.8019171935001,256.95162796849183,1.0,call,put,ATM,Short (8-30 days)
24049.482125225437,24000,30,0.0821917808219178,0.12142945772560246,0.065,428.93006973555384,251.5706605882624,433.16716943265453,257.22129529465195,1.0208333333333333,call,put,ATM,Short (8-30 days)
25259.467858458593,24500,7,0.019178082191780823,0.13779513190894493,0.065,799.4310728825258,9.441146514631328,756.3952796233899,9.75667338917147,1.0,call,put,ATM,Very Short (≤7 days)
24116.205886755244,24750,90,0.2465753424657534,0.23700242344025366,0.065,1021.1346848080939,1261.4126593522578,965.5036195582846,1364.2887993055126,0.98989898989899,call,put,ATM,Medium (31-90 days)
24342.18985705922,24250,15,0.0410958904109589,0.23360571008312697,0.065,541.0685925616126,384.1877790137969,520.1934000420737,389.88582778024613,1.0103092783505154,call,put,ATM,Short (8-30 days)
24898.623436511138,24750,15,0.0410958904109589,0.19766370328214006,0.065,512.8218157471038,298.1735885929611,538.5947677227613,294.41093543050897,0.98989898989899,call,put,ATM,Short (8-30 days)
23896.876484947363,24750,60,0.1643835616438356,0.19806719185637495,0.065,515.2399236790716,1105.319191413102,524.0144600713767,1184.6358768871896,0.98989898989899,call,put,ATM,Medium (31-90 days)
24611.455367956023,25000,15,0.0410958904109589,0.20645476769101323,0.065,272.4309103708183,594.2838346945882,280.11895136120694,604.8487342761357,0.98,call,put,ATM,Short (8-30 days)
25140.49994959839,24250,45,0.1232876712328767,0.14279826622104844,0.065,1212.687922992056,128.6323656011109,1110.5319779354472,122.62702049189224,1.0103092783505154,call,put,ATM,Medium (31-90 days)
23712.333215065,24750,15,0.0410958904109589,0.23887355297024476,0.065,133.67646701595095,1105.3184613079502,140.67389621155806,1136.8172910340468,0.98989898989899,call,put,ATM,Short (8-30 days)
24590.47059068083,24750,60,0.1643835616438356,0.1744401682359695,0.065,745.2124563107645,641.6976183113256,772.094739012402,662.0842532155567,0.98989898989899,call,put,ATM,Medium (31-90 days)
24627.34256918173,24250,15,0.0410958904109589,0.16980800867243467,0.065,601.5174462282994,159.48392055797285,640.307998888531,157.39946631470272,1.0103092783505154,call,put,ATM,Short (8-30 days)
24883.09320717088,24250,45,0.1232876712328767,0.1874593016867689,0.065,1138.5391857050272,311.89037074159023,1145.3988819529002,295.8486897849908,1.0103092783505154,call,put,ATM,Medium (31-90 days)
23893.89415166974,24750,7,0.019178082191780823,0.12610557568075714,0.065,4.177442408761294,829.4497731571755,3.910499121791205,761.2797549734892,0.98989898989899,call,put,ATM,Very Short (≤7 days)
23852.976259588704,24250,60,0.1643835616438356,0.14161683793829033,0.065,481.0698533793093,620.3633716703534,459.7785796452806,668.5209957995435,1.0103092783505154,call,put,ATM,Medium (31-90 days)
24755.75136715228,24750,7,0.019178082191780823,0.21594437013542817,0.065,313.76969294669107,277.1848082125689,289.4097581817584,272.97803001517747,0.98989898989899,call,put,ATM,Very Short (≤7 days)
24645.52248988426,24750,7,0.019178082191780823,0.13076382683026644,0.065,143.9048687952327,217.5488613291309,134.60037338860923,211.01180126213907,0.98989898989899,call,put,ATM,Very Short (≤7 days)
24622.741496669478,25000,7,0.019178082191780823,0.19840977423063047,0.065,133.07234351268926,479.1858795888256,134.2014210440812,462.4115975630336,0.98,call,put,ATM,Very Short (≤7 days)
24669.759622653517,24000,30,0.0821917808219178,0.15189538425857171,0.065,935.1010126096407,137.46410603426648,986.0483485437428,148.00745258720195,1.0208333333333333,call,put,ATM,Short (8-30 days)
24166.78788642654,24750,90,0.2465753424657534,0.17060842982545693,0.065,728.3776309036693,918.0736057765407,646.468079999822,886.7217442043818,0.98989898989899,call,put,ATM,Medium (31-90 days)
24613.804311608892,24500,30,0.0821917808219178,0.15753018578019098,0.065,574.1274718518816,329.7817662394282,575.8252277088927,348.3504093310104,1.0,call,put,ATM,Short (8-30 days)
24643.605511916354,24000,90,0.2465753424657534,0.1662374531404434,0.065,1409.9558824599953,384.7589633188254,1377.9326630686894,384.37544721841897,1.0208333333333333,call,put,ATM,Medium (31-90 days)
24149.967805167078,24000,7,0.019178082191780823,0.2134759676739519,0.065,382.71121519242115,202.84424146113088,360.5762657905988,187.2983008627847,1.0208333333333333,call,put,ATM,Very Short (≤7 days)
25414.22951046093,24000,60,0.1643835616438356,0.15862582303101275,0.065,1787.3541852919807,118.05146530998354,1916.524904006131,107.28475923794063,1.0208333333333333,call,put,ITM,Medium (31-90 days)
24732.178131246776,25000,90,0.2465753424657534,0.19363260323859663,0.065,1012.0884652217792,882.4192847824925,1129.9268871377615,914.4136637425655,0.98,call,put,ATM,Medium (31-90 days)
23916.261286370704,24750,45,0.1232876712328767,0.18188655228588296,0.065,350.6661801206392,986.8584486833042,362.58835816945634,1015.2537545067743,0.98989898989899,call,put,ATM,Medium (31-90 days)
24821.711268230578,25000,45,0.1232876712328767,0.20627725149714427,0.065,727.4338604904569,706.1807285562136,718.2432542147956,720.0248554982026,0.98,call,put,ATM,Medium (31-90 days)
24022.405981588614,24750,15,0.0410958904109589,0.24178786611221853,0.065,216.68214333944888,878.2513711078354,214.63561638050575,902.5382392756832,0.98989898989899,call,put,ATM,Short (8-30 days)
24885.671455833803,25000,90,0.2465753424657534,0.21523437263733253,0.065,1202.1504955756354,918.987990549318,1200.1256818247587,875.3200621937751,0.98,call,put,ATM,Medium (31-90 days)
25067.711833713627,25000,60,0.1643835616438356,0.14794224921679838,0.065,777.2609844970884,443.84789086567434,743.4278780574975,422.0045299751281,0.98,call,put,ATM,Medium (31-90 days)
24097.865664007662,24500,30,0.0821917808219178,0.12405380755796701,0.065,224.9521962309991,496.54513821977525,235.87250882954447,481.2156325434335,1.0,call,put,ATM,Short (8-30 days)
24972.054303329718,25000,7,0.019178082191780823,0.15409432575897725,0.065,214.18107178524406,210.9818012011383,193.70425656498864,215.16808802649018,0.98,call,put,ATM,Very Short (≤7 days)
24702.262654198883,24250,15,0.0410958904109589,0.1973601309910331,0.065,701.869413375618,184.9158026881405,755.019091035709,192.063567611714,1.0103092783505154,call,put,ATM,Short (8-30 days)
24902.8094783973,24500,45,0.1232876712328767,0.12668535575295253,0.065,799.4203386239824,201.0598337970887,775.3048821835139,185.1076288068476,1.0,call,put,ATM,Medium (31-90 days)
25429.428561500434,25000,30,0.0821917808219178,0.18452761213616073,0.065,858.7590422037028,296.12497661800626,852.9938448118127,293.76746825908543,0.98,call,put,ATM,Short (8-30 days)
24379.759823158594,24000,30,0.0821917808219178,0.1975895703591956,0.065,836.1379841085509,328.50087702810197,795.6187536902236,337.5516888811956,1.0208333333333333,call,put,ATM,Short (8-30 days)
24130.66927946483,24250,7,0.019178082191780823,0.1634517058062049,0.065,176.63339780947172,265.753500107885,192.9421934758068,268.70712061678654,1.0103092783505154,call,put,ATM,Very Short (≤7 days)
24064.137929483495,24250,90,0.2465753424657534,0.22021858648695686,0.065,1147.8113919539646,948.1071447537306,1157.0212128805065,903.6775142855834,1.0103092783505154,call,put,ATM,Medium (31-90 days)
24100.252960366935,24250,45,0.1232876712328767,0.13385777290739034,0.065,473.682603659443,429.8740354999536,506.7791554063242,428.25890918840844,1.0103092783505154,call,put,ATM,Medium (31-90 days)
24462.22016238709,24500,60,0.1643835616438356,0.12976791162565512,0.065,630.0568173075753,407.4494202010592,611.8178300122917,408.74691015440357,1.0,call,put,ATM,Medium (31-90 days)
24667.164467660157,25000,30,0.0821917808219178,0.21466453830646842,0.065,513.3701606216073,713.0001888761853,525.4847038944073,717.9632195090999,0.98,call,put,ATM,Short (8-30 days)
24635.57849167171,25000,7,0.019178082191780823,0.1844138711068058,0.065,120.24095754640075,453.51749862030556,127.49240950856449,462.22438952292595,0.98,call,put,ATM,Very Short (≤7 days)
24905.31979202765,24000,60,0.1643835616438356,0.20949231153560569,0.065,1530.7940912622325,370.40108971350946,1509.0612689441684,377.8311914191124,1.0208333333333333,call,put,ATM,Medium (31-90 days)
24506.370927020176,24000,90,0.2465753424657534,0.17652755401848702,0.065,1358.5968171583645,470.63448291337136,1392.5370859245625,440.1285223921671,1.0208333333333333,call,put,ATM,Medium (31-90 days)
25212.231697807085,24250,45,0.1232876712328767,0.15203226432108388,0.065,1292.9343335928315,137.14702799319366,1367.2405451118866,135.08362339486283,1.0103092783505154,call,put,ATM,Medium (31-90 days)
24370.3181517134,24000,90,0.2465753424657534,0.22648330129764596,0.065,1493.3884406024317,741.4788816642158,1472.8302146318113,769.3353529945367,1.0208333333333333,call,put,ATM,Medium (31-90 days)
25832.882891628913,24500,30,0.0821917808219178,0.22392406426596728,0.065,1622.662139898377,159.23785426590348,1683.2819759811123,153.65790762869318,1.0,call,put,ITM,Short (8-30 days)
24806.577000404854,25000,60,0.1643835616438356,0.21031054121107548,0.065,879.0011083876034,806.7228480649646,914.2886790014163,784.1165316168459,0.98,call,put,ATM,Medium (31-90 days)
24079.992797356022,24250,60,0.1643835616438356,0.15537886783989516,0.065,648.8564148163714,561.133395340099,707.888496995241,537.8970303047043,1.0103092783505154,call,put,ATM,Medium (31-90 days)
23975.262675950056,24000,60,0.1643835616438356,0.1967299866929813,0.065,879.7613660545012,649.4254805833698,890.2955169969835,624.0323715997001,1.0208333333333333,call,put,ATM,Medium (31-90 days)
24736.41148346916,24500,30,0.0821917808219178,0.1669266066022035,0.065,674.8634641642057,307.91058669148333,749.8642677672424,288.85367803583983,1.0,call,put,ATM,Short (8-30 days)
24390.503235190332,24500,30,0.0821917808219178,0.13190566953246244,0.065,378.40412438401836,357.359495190125,388.32517569571013,344.2281344537374,1.0,call,put,ATM,Short (8-30 days)
24849.860242105126,24000,90,0.2465753424657534,0.23925076481009155,0.065,1866.9685201332632,635.5168708033225,1833.9131291671617,649.9284180479551,1.0208333333333333,call,put,ATM,Medium (31-90 days)
24731.886436041037,25000,15,0.0410958904109589,0.13778642201946498,0.065,187.58313145790635,389.0049876966641,199.0687006351329,420.58045568386143,0.98,call,put,ATM,Short (8-30 days)
24464.313832798132,24000,90,0.2465753424657534,0.24353085599670432,0.065,1630.7519410785771,784.8467010556287,1505.4328976210932,795.3538843129314,1.0208333333333333,call,put,ATM,Medium (31-90 days)
24085.07107814648,24250,45,0.1232876712328767,0.17798075048453424,0.065,614.43683317268,585.8101472336457,659.2751645576178,536.4465347751154,1.0103092783505154,call,put,ATM,Medium (31-90 days)
23757.724859903927,24000,7,0.019178082191780823,0.14406728074902056,0.065,102.33873789286827,314.7147094247284,103.94741839266442,314.6819193397488,1.0208333333333333,call,put,ATM,Very Short (≤7 days)
24281.20767348716,24500,60,0.1643835616438356,0.19044712315918655,0.065,768.1248906491583,726.529982442571,784.0458849411572,698.4748809445325,1.0,call,put,ATM,Medium (31-90 days)
24919.635409218503,24000,15,0.0410958904109589,0.2334829586639331,0.065,1110.5640095768067,126.90456094690853,1030.846679472573,114.76546440030583,1.0208333333333333,call,put,ATM,Short (8-30 days)
24604.9059346238,25000,7,0.019178082191780823,0.21518923523324296,0.065,147.75743045593663,511.7065285777535,154.97082966103508,539.9539861282117,0.98,call,put,ATM,Very Short (≤7 days)
23889.587998431125,24750,15,0.0410958904109589,0.22485294922198845,0.065,153.46144863141217,947.8486595572867,155.7839752382336,922.5340696944568,0.98989898989899,call,put,ATM,Short (8-30 days)
24584.85865366708,24000,90,0.2465753424657534,0.20564183767239325,0.065,1539.2971204209407,572.8470595290428,1414.3796269147979,588.9825991137943,1.0208333333333333,call,put,ATM,Medium (31-90 days)
24688.80551606713,25000,30,0.0821917808219178,0.2099959533873208,0.065,510.2558800147399,688.2448598623469,482.17192493144853,663.767478746417,0.98,call,put,ATM,Short (8-30 days)
24066.909856261445,25000,60,0.1643835616438356,0.2303954347034915,0.065,613.9515083527767,1281.3403921735444,595.9454132831222,1268.6848989954124,0.98,call,put,ATM,Medium (31-90 days)
24575.325301913308,24500,90,0.2465753424657534,0.15245684115169417,0.065,990.7064523059053,525.8399221839318,953.1071388753669,526.7196200606799,1.0,call,put,ATM,Medium (31-90 days)
24528.52227203854,25000,7,0.019178082191780823,0.18362524527360824,0.065,89.95972647279541,530.2924871798714,87.16279626132874,548.8891305295995,0.98,call,put,ATM,Very Short (≤7 days)
23939.944554062993,25000,7,0.019178082191780823,0.1487572274365483,0.065,3.8111571475076857,1032.7216358301266,4.00763428721647,1038.3263543274,0.98,call,put,ATM,Very Short (≤7 days)
24675.31580657066,25000,7,0.019178082191780823,0.2483968410395641,0.065,213.78509173653583,507.32431791149247,218.73022241399516,561.04630916543,0.98,call,put,ATM,Very Short (≤7 days)
24774.784417920433,25000,7,0.019178082191780823,0.24272771415925973,0.065,245.4272955089691,439.49791033415204,231.03785320714502,412.39257768533,0.98,call,put,ATM,Very Short (≤7 days)
25030.695109155884,24250,7,0.019178082191780823,0.12512548547790575,0.065,815.6150986842877,4.709371291647244,843.9576377556629,5.167720939494925,1.0103092783505154,call,put,ATM,Very Short (≤7 days)
25016.363005497104,24250,15,0.0410958904109589,0.2117247724270395,0.065,960.8471453567399,129.7931833710336,948.3321803763221,140.9997464477539,1.0103092783505154,call,put,ATM,Short (8-30 days)
23824.942009701026,24500,90,0.2465753424657534,0.24028228126403656,0.065,1003.0983613914905,1288.615123481799,1007.9349866567223,1244.7450410307001,1.0,call,put,ATM,Medium (31-90 days)
24040.46573044159,24000,60,0.1643835616438356,0.14347479486655335,0.065,714.647085838571,419.10814587590903,679.2473144134516,432.29776390345955,1.0208333333333333,call,put,ATM,Medium (31-90 days)
24752.36728093224,25000,30,0.0821917808219178,0.19383287997184184,0.065,494.61894130670044,609.0461562891942,471.9911370344183,611.5212237233231,0.98,call,put,ATM,Short (8-30 days)
24751.755115946984,24000,30,0.0821917808219178,0.23901347868644546,0.065,1194.801122091576,315.16872222273923,1289.39741154766,310.33434300152624,1.0208333333333333,call,put,ATM,Short (8-30 days)
24752.373366289965,24000,90,0.2465753424657534,0.12441297721615384,0.065,1326.786243386112,192.82146987133,1413.9567281179388,181.111966825745,1.0208333333333333,call,put,ATM,Medium (31-90 days)
26387.838430420812,24500,90,0.2465753424657534,0.21066463474208919,0.065,2560.6921032822247,283.31244465274995,2492.3332623016026,263.37937395047686,1.0,call,put,ITM,Medium (31-90 days)
24779.73635023965,25000,30,0.0821917808219178,0.1586553709584316,0.065,408.2111011450361,495.2692468201203,409.70100545183107,514.5866834465725,0.98,call,put,ATM,Short (8-30 days)
25056.427163688495,25000,30,0.0821917808219178,0.24017150539894894,0.065,784.522755702952,594.8900879291905,787.4720547610563,631.3880838326486,0.98,call,put,ATM,Short (8-30 days)
24967.46086411167,24750,15,0.0410958904109589,0.2462375718714978,0.065,648.9522219310365,365.46656717636506,624.6431452894925,369.5843293078057,0.98989898989899,call,put,ATM,Short (8-30 days)
24819.181713139842,24000,45,0.1232876712328767,0.2427546435847464,0.065,1428.249123743566,417.507221448207,1390.5812437809109,425.0573507603623,1.0208333333333333,call,put,ATM,Medium (31-90 days)
24345.51807012623,24000,60,0.1643835616438356,0.1816478481654703,0.065,1046.833001225281,446.2417215779751,1073.1993770793765,459.2361903691424,1.0208333333333333,call,put,ATM,Medium (31-90 days)
24871.8949180417,24250,7,0.019178082191780823,0.23206554462861073,0.065,742.5327893097128,90.42725303125644,702.7852193002494,86.40438823726504,1.0103092783505154,call,put,ATM,Very Short (≤7 days)
24121.31564487659,24750,45,0.1232876712328767,0.22979142180955914,0.065,586.3835912236336,1017.5215012804147,565.734453444443,1005.3681864206043,0.98989898989899,call,put,ATM,Medium (31-90 days)
24383.958882697396,24250,90,0.2465753424657534,0.16148306152162323,0.065,1058.928815106885,539.4036146927483,1063.5450248918721,558.5009062854535,1.0103092783505154,call,put,ATM,Medium (31-90 days)
24262.17186156374,24250,30,0.0821917808219178,0.22775901163958806,0.065,703.2763987197541,561.895198193306,673.454008768244,516.9149454136343,1.0103092783505154,call,put,ATM,Short (8-30 days)
24540.118328299297,24250,45,0.1232876712328767,0.12481099251301403,0.065,709.6914676879278,226.0175315960787,786.18709416065,213.23112065383924,1.0103092783505154,call,put,ATM,Medium (31-90 days)
25634.182697670018,24500,60,0.1643835616438356,0.1975150842026669,0.065,1680.3683669183592,285.79843452890873,1750.6349633496152,286.2452357574227,1.0,call,put,ATM,Medium (31-90 days)
23585.040055630045,24500,90,0.2465753424657534,0.14990114884740138,0.065,476.07340097868655,1001.4921171399747,482.0553975338776,1001.4144761713628,1.0,call,put,ATM,Medium (31-90 days)
24836.26749328351,24250,7,0.019178082191780823,0.13567369515104624,0.065,635.8283148987502,19.350203378481638,623.593646633705,19.799101280309007,1.0103092783505154,call,put,ATM,Very Short (≤7 days)
23709.76922311707,24750,7,0.019178082191780823,0.1300039162117972,0.065,1.5237704460928114,1010.9210297471764,1.4903551349463475,1069.873028458855,0.98989898989899,call,put,ATM,Very Short (≤7 days)
24268.75338576318,24000,60,0.1643835616438356,0.21051754086415816,0.065,1105.661606629219,581.8350113449669,1137.0867764417744,599.2782537301426,1.0208333333333333,call,put,ATM,Medium (31-90 days)
25033.585792514008,24750,60,0.1643835616438356,0.16418374528984858,0.065,966.552983247213,419.9229434145964,942.0449179186553,414.96040457017665,0.98989898989899,call,put,ATM,Medium (31-90 days)
24531.497209356778,25000,30,0.0821917808219178,0.214219680298739,0.065,452.1268616826055,787.424148240565,425.2724971764102,773.5254798514466,0.98,call,put,ATM,Short (8-30 days)
23971.90505881464,24500,7,0.019178082191780823,0.1284963243038625,0.065,26.52326127926335,524.096134555326,25.148592585997857,558.5048412266433,1.0,call,put,ATM,Very Short (≤7 days)
24149.501182462616,24000,90,0.2465753424657534,0.16098774391797935,0.065,1056.300203907973,525.2076142205406,1058.9692535238032,529.6849365228798,1.0208333333333333,call,put,ATM,Medium (31-90 days)
24833.002896977992,24000,45,0.1232876712328767,0.19013386800879384,0.065,1284.6993887778117,260.1363026443023,1270.2371084742108,262.7061751574473,1.0208333333333333,call,put,ATM,Medium (31-90 days)
24142.120350458605,25000,90,0.2465753424657534,0.22279401142906524,0.065,860.561282863011,1320.9498832118916,966.6201958837127,1301.1263695311193,0.98,call,put,ATM,Medium (31-90 days)
24606.064708895166,25000,15,0.0410958904109589,0.16143782538116908,0.065,185.75579575402298,512.9993791386496,179.71489621245578,526.5859915543745,0.98,call,put,ATM,Short (8-30 days)
24522.330201552868,24250,15,0.0410958904109589,0.20136587893681118,0.065,587.6614148015251,250.64025676005804,513.4480455208544,251.44176403470325,1.0103092783505154,call,put,ATM,Short (8-30 days)
24180.71582967315,24500,60,0.1643835616438356,0.23517710727070434,0.065,891.4436502459284,950.3405858533497,874.8755948781817,903.18880732361,1.0,call,put,ATM,Medium (31-90 days)
25550.53260376941,24500,30,0.0821917808219178,0.2000622144636996,0.065,1345.5787238451412,164.50472607217034,1379.7401197471577,164.94879357154508,1.0,call,put,ATM,Short (8-30 days)
24810.620320935825,24750,15,0.0410958904109589,0.15028473171797238,0.065,368.32594568878267,241.68083410995678,335.132247420248,233.86814441203182,0.98989898989899,call,put,ATM,Short (8-30 days)
23507.68013253777,24250,7,0.019178082191780823,0.12317210160234994,0.065,6.590110168155093,718.699359393624,5.638408896268586,729.2379828035018,1.0103092783505154,call,put,ATM,Very Short (≤7 days)
24591.36261423702,24250,90,0.2465753424657534,0.2331128536071209,0.065,1518.9920679031402,792.06313594938,1540.5085463757487,760.6466687232919,1.0103092783505154,call,put,ATM,Medium (31-90 days)
24175.72463226349,24250,90,0.2465753424657534,0.12276502341055032,0.065,752.8629374368065,441.5719874565766,773.1944795700424,413.25621420462915,1.0103092783505154,call,put,ATM,Medium (31-90 days)
24917.69233405015,24250,60,0.1643835616438356,0.2337112174489459,0.065,1459.5014385951,534.0788824246993,1388.969789106161,545.2195132734834,1.0103092783505154,call,put,ATM,Medium (31-90 days)
24111.664838167977,24500,45,0.1232876712328767,0.18876182742353756,0.065,548.1975746886383,740.9817100910677,529.3213024466693,738.6603271632683,1.0,call,put,ATM,Medium (31-90 days)
24443.77914368122,24500,60,0.1643835616438356,0.2420788008066765,0.065,1058.2931291007808,854.1267507001321,1028.467834453299,836.5773860355686,1.0,call,put,ATM,Medium (31-90 days)
24747.443766700424,24250,45,0.1232876712328767,0.2238418206505765,0.065,1159.527889525123,468.52851503214515,1138.2375535196825,451.9717303347268,1.0103092783505154,call,put,ATM,Medium (31-90 days)
24924.22004514336,24750,60,0.1643835616438356,0.24973143436933387,0.065,1231.3420794307804,794.0777869688118,1249.9630324409525,769.1465838119992,0.98989898989899,call,put,ATM,Medium (31-90 days)
23911.85476054267,24000,60,0.1643835616438356,0.1655925360087223,0.065,725.0397430907724,558.1117730270307,725.6084176377875,537.7760864893888,1.0208333333333333,call,put,ATM,Medium (31-90 days)
24336.094394437936,24000,60,0.1643835616438356,0.2197344775610465,0.065,1182.052982463736,590.8853785047268,1091.3718690983478,617.8426108857046,1.0208333333333333,call,put,ATM,Medium (31-90 days)
24267.276797531133,24750,45,0.1232876712328767,0.17225101876920149,0.065,457.2462618384998,742.4230192407376,468.66660416961633,827.3815318206829,0.98989898989899,call,put,ATM,Medium (31-90 days)
24179.86867603888,24250,45,0.1232876712328767,0.18238383063950814,0.065,679.7419039937049,556.31762016227,644.2602996947983,550.5052001112449,1.0103092783505154,call,put,ATM,Medium (31-90 days)
25365.072577737737,24500,60,0.1643835616438356,0.2015757102183881,0.065,1492.6263651151203,367.1665526579545,1483.0356824131252,385.3297209559139,1.0,call,put,ATM,Medium (31-90 days)
24698.441038370867,24000,15,0.0410958904109589,0.23357802484422402,0.065,937.7156069541525,175.25052917188987,913.9394576172624,164.9892439405524,1.0208333333333333,call,put,ATM,Short (8-30 days)
23882.166862375827,25000,30,0.0821917808219178,0.24793085099590836,0.065,307.3714099327153,1291.9990434716274,325.9337124362911,1271.5434667255888,0.98,call,put,ATM,Short (8-30 days)
24949.75235405684,25000,30,0.0821917808219178,0.21987554380238736,0.065,668.6388931704041,585.6810350282976,698.0136543621331,608.0012924419424,0.98,call,put,ATM,Short (8-30 days)
25539.85653653619,24750,30,0.0821917808219178,0.17430968168175337,0.065,1090.2056680218957,168.47568244129252,1088.5763298184884,167.00730142056256,0.98989898989899,call,put,ATM,Short (8-30 days)
25005.907977670064,24250,45,0.1232876712328767,0.17477641029601912,0.065,1190.8132043657206,241.34961890310115,1167.4991772785988,241.166276111172,1.0103092783505154,call,put,ATM,Medium (31-90 days)
23755.508716682532,24000,45,0.1232876712328767,0.2158856992065559,0.065,692.8588026096186,745.78989677157,722.7591320714523,716.0910447507123,1.0208333333333333,call,put,ATM,Medium (31-90 days)
24262.725304295538,24250,15,0.0410958904109589,0.1510410289498793,0.065,336.2103750438873,258.79411425975195,338.04012655161216,244.31935277756037,1.0103092783505154,call,put,ATM,Short (8-30 days)
25120.786463101445,24000,30,0.0821917808219178,0.1343616347070813,0.065,1289.4974134834592,40.83366646015884,1225.4025426716746,40.77049882563561,1.0208333333333333,call,put,ATM,Short (8-30 days)
24153.241961846797,24750,30,0.0821917808219178,0.16610088049330096,0.065,267.40667683376887,732.2912659425601,241.19870988042123,807.737719838091,0.98989898989899,call,put,ATM,Short (8-30 days)
24717.471519791652,24750,60,0.1643835616438356,0.15734106891503064,0.065,748.0068994932881,517.4911323830293,703.3860456041876,516.4538598925197,0.98989898989899,call,put,ATM,Medium (31-90 days)
24879.570686180374,25000,45,0.1232876712328767,0.1585200556592787,0.065,591.9642090471043,512.8516591630669,626.5413630316108,490.7245374291238,0.98,call,put,ATM,Medium (31-90 days)
24045.80406892674,24250,30,0.0821917808219178,0.15036900763648828,0.065,377.7432328197083,452.7298249302603,334.2518225679667,442.6578141260251,1.0103092783505154,call,put,ATM,Short (8-30 days)
24470.83257552972,25000,90,0.2465753424657534,0.12547211465272703,0.065,546.2077353110271,677.884110588795,522.3160523807617,600.7282390268058,0.98,call,put,ATM,Medium (31-90 days)
22911.779003366155,24250,15,0.0410958904109589,0.1223236115153438,0.065,3.0068466962209186,1276.5368868414698,3.049677707834291,1289.7550345504112,1.0103092783505154,call,put,OTM,Short (8-30 days)
23998.050055746196,25000,90,0.2465753424657534,0.2484039106656841,0.065,916.989529249382,1521.448424310669,969.364599139194,1436.1847532130114,0.98,call,put,ATM,Medium (31-90 days)
24376.24160581735,24500,90,0.2465753424657534,0.1756105073856621,0.065,982.663649008995,716.8808149829765,904.0929842572227,702.3022162206353,1.0,call,put,ATM,Medium (31-90 days)
23888.586240837223,24500,15,0.0410958904109589,0.1699624641307586,0.065,128.05241642456986,674.1083020215447,127.48679187659553,705.1627728434172,1.0,call,put,ATM,Short (8-30 days)
25299.8815389265,24500,90,0.2465753424657534,0.20835414675009908,0.065,1722.287349631937,532.8645824967725,1843.7575211727344,565.2222283288015,1.0,call,put,ATM,Medium (31-90 days)
23799.23072479929,24500,30,0.0821917808219178,0.14837300542245835,0.065,185.27700958731293,755.5048907844612,187.8388687684221,785.7061705945066,1.0,call,put,ATM,Short (8-30 days)
24284.378201518477,24000,45,0.1232876712328767,0.2434949539135293,0.065,1079.7617618134536,603.8233711394605,1045.1827458356374,608.9074187796646,1.0208333333333333,call,put,ATM,Medium (31-90 days)
24564.062882870185,24500,15,0.0410958904109589,0.22222485187402174,0.065,508.00404262436496,378.58328618837913,477.74503228952756,379.7698683658519,1.0,call,put,ATM,Short (8-30 days)
25206.223911642395,24750,60,0.1643835616438356,0.13162343030059373,0.065,964.5017202893796,245.2335613283749,968.7767148962973,266.3497478802546,0.98989898989899,call,put,ATM,Medium (31-90 days)
23796.427545922073,24750,90,0.2465753424657534,0.1742855008520407,0.065,580.7967633536136,1140.85307873095,574.1471381127644,1145.9893611586713,0.98989898989899,call,put,ATM,Medium (31-90 days)
25069.95023855593,24000,15,0.0410958904109589,0.2342853799830814,0.065,1235.673203554772,101.69892558744323,1250.3135471383607,99.38618871438337,1.0208333333333333,call,put,ATM,Short (8-30 days)
24505.014199899597,24500,7,0.019178082191780823,0.24281516289788335,0.065,346.5532123101002,311.0169445012034,332.64789058259976,331.2145609880779,1.0,call,put,ATM,Very Short (≤7 days)
24019.060760986504,24500,7,0.019178082191780823,0.18076219646248307,0.065,80.67991099878054,531.0970821029769,76.72289439902113,495.8344114457307,1.0,call,put,ATM,Very Short (≤7 days)
24726.430702389003,24500,45,0.1232876712328767,0.199743480597392,0.065,917.327088719323,495.3453599007298,948.5283817166064,524.0212703817693,1.0,call,put,ATM,Medium (31-90 days)
24597.539250831,25000,30,0.0821917808219178,0.14171441299196977,0.065,280.5154904657902,549.770735549524,274.18412039064833,537.7842632173135,0.98,call,put,ATM,Short (8-30 days)
24205.89373019219,24250,45,0.1232876712328767,0.24885192139780696,0.065,917.7478099240252,768.2984719392807,930.7129950386612,741.1063654442848,1.0103092783505154,call,put,ATM,Medium (31-90 days)
24534.20302164511,25000,45,0.1232876712328767,0.15011732117984763,0.065,396.3546049742763,662.6097196255032,380.8628371087462,691.751049531019,0.98,call,put,ATM,Medium (31-90 days)
24311.196337537738,24250,45,0.1232876712328767,0.24255513063756634,0.065,955.0840933436957,700.3321480134036,984.0771561903298,746.2444839755046,1.0103092783505154,call,put,ATM,Medium (31-90 days)
24555.62349917311,24500,45,0.1232876712328767,0.2044540643690079,0.065,832.2600914229606,581.0855658202581,780.1360991256255,566.4868808947626,1.0,call,put,ATM,Medium (31-90 days)
24824.44403051531,24500,60,0.1643835616438356,0.19900578333425167,0.065,1116.0508797513703,531.219614516629,1131.7414146433166,506.63421696634435,1.0,call,put,ATM,Medium (31-90 days)
25277.14823991122,25000,60,0.1643835616438356,0.18664950643214612,0.065,1057.0031803764323,514.1536805474243,1090.9164634704357,545.6360067571989,0.98,call,put,ATM,Medium (31-90 days)
23893.470405574844,25000,15,0.0410958904109589,0.14998707552330862,0.065,27.148267719372143,1066.986154424325,26.356409799059236,1069.0450077190558,0.98,call,put,ATM,Short (8-30 days)
25545.186353581572,24250,7,0.019178082191780823,0.14294864416071607,0.065,1325.9338884661884,0.5369166478605507,1422.436595959354,0.5852195909930494,1.0103092783505154,call,put,ITM,Very Short (≤7 days)
23543.476978233975,24750,45,0.1232876712328767,0.1486632071791228,0.065,149.7960251283448,1158.772601827739,155.38192827557458,1193.1550751788411,0.98989898989899,call,put,ATM,Medium (31-90 days)
24425.625303432564,24250,15,0.0410958904109589,0.14423697407875308,0.065,419.72710194385945,179.4108420226985,401.8102838675149,182.633145072629,1.0103092783505154,call,put,ATM,Short (8-30 days)
24788.275431177444,25000,7,0.019178082191780823,0.22134598156367793,0.065,222.42239177457304,403.00199334274294,228.61486293432824,398.76301368074644,0.98,call,put,ATM,Very Short (≤7 days)
24637.686015190167,25000,90,0.2465753424657534,0.16551628369167493,0.065,824.7468749272284,789.5698105445463,800.2198820659432,738.9861124796319,0.98,call,put,ATM,Medium (31-90 days)
24194.87723528791,24000,30,0.0821917808219178,0.12751954795324152,0.065,535.2651557253139,212.51063651554978,488.7578463280118,191.81333825184848,1.0208333333333333,call,put,ATM,Short (8-30 days)
24398.020097324934,25000,60,0.1643835616438356,0.24598334191830548,0.065,818.0590136948103,1154.3376564520895,841.7599246774391,1162.8624010991812,0.98,call,put,ATM,Medium (31-90 days)
24258.429542017173,24000,90,0.2465753424657534,0.23489216504524535,0.065,1462.3742871207796,822.3533378787906,1426.9986391913542,808.7246282390505,1.0208333333333333,call,put,ATM,Medium (31-90 days)
24211.211269097337,24750,7,0.019178082191780823,0.2406077968153777,0.065,132.38451198234907,640.3397253031653,133.77766397870778,635.0709117189309,0.98989898989899,call,put,ATM,Very Short (≤7 days)
24916.305027540304,24250,90,0.2465753424657534,0.2493380169440366,0.065,1802.1261169537665,750.254771696722,1681.3338221112504,784.5039102877695,1.0103092783505154,call,put,ATM,Medium (31-90 days)
24674.937588122873,24250,30,0.0821917808219178,0.14260638239853335,0.065,734.8487698808713,180.70184279528894,746.0231070011357,183.10426006023036,1.0103092783505154,call,put,ATM,Short (8-30 days)
24160.47429832228,24000,7,0.019178082191780823,0.17151146245734564,0.065,335.745008089345,145.37154120285777,349.8053829200645,139.45749723271064,1.0208333333333333,call,put,ATM,Very Short (≤7 days)
24940.803938962294,24250,90,0.2465753424657534,0.2185710018415319,0.065,1680.233585519827,603.8633288407927,1782.2012017932384,599.6349917030828,1.0103092783505154,call,put,ATM,Medium (31-90 days)
24650.57676522954,25000,60,0.1643835616438356,0.210482680346993,0.065,799.2052791771821,882.9272540298571,834.7139249887505,915.350507447964,0.98,call,put,ATM,Medium (31-90 days)
24898.30243823109,24500,60,0.1643835616438356,0.14000646782418116,0.065,946.5583623597995,287.8686894092789,897.3940345032762,295.1071534325803,1.0,call,put,ATM,Medium (31-90 days)
24808.51813254257,24000,15,0.0410958904109589,0.22605830624878032,0.065,1011.2401647776933,138.69799282372605,1027.7372673731827,138.90820112640733,1.0208333333333333,call,put,ATM,Short (8-30 days)
